family,key,variant,samples,update_p50_ms,update_p95_ms,query_p50_us,write_amp_p50,space_amp_p50,time_p50_us,open_p50_ms,base_p50_ms,writer_rate_p50,writer_p95_ms,reader_rate_p50,errors,passes,extra
scale,250,DBM-Dumb-Rebuild,8,4.473842500,5.051192050,0.185000000,37.113995012,1.000189368,,,,,,,0,8,{}
scale,250,FrontierStore,8,3.524562500,4.021240600,5.763500000,5.267006947,1.191113989,,,,,,,0,8,{}
scale,250,SQLite-Normalized,8,1.452279500,1.564920150,3.210000000,30.491020769,2.263992226,,,,,,,0,8,{}
scale,250,SQLite-Rebuild,8,6.783643500,7.442404950,0.180000000,46.271993781,1.306361108,,,,,,,0,8,{}
scale,2000,DBM-Dumb-Rebuild,8,39.716574000,123.288271650,0.461000000,277.085808281,1.000024430,,,,,,,0,8,{}
scale,2000,FrontierStore,8,20.798691000,22.582731300,6.414500000,5.607132714,1.080313994,,,,,,,0,8,{}
scale,2000,SQLite-Normalized,8,2.959127000,3.166294050,5.963500000,44.085649203,1.360331095,,,,,,,0,8,{}
scale,2000,SQLite-Rebuild,8,58.832092000,94.332982550,0.461000000,327.082741647,1.187239003,,,,,,,0,8,{}
scale,6000,DBM-Dumb-Rebuild,8,210.311889000,266.389320200,0.556000000,816.441750842,1.000008128,,,,,,,0,8,{}
scale,6000,FrontierStore,8,66.513468500,72.507919850,6.630000000,5.516498316,1.068605984,,,,,,,0,8,{}
scale,6000,SQLite-Normalized,8,7.267534500,7.766719300,6.730000000,45.247434485,1.254949533,,,,,,,0,8,{}
scale,6000,SQLite-Rebuild,8,242.800930000,308.198292000,0.551000000,974.121661055,1.195658041,,,,,,,0,8,{}
sensitivity,batch-1,FrontierStore,12,16.619740500,18.152887900,6.304500000,10.574870912,1.066153715,,,,,,,0,12,{}
sensitivity,batch-1,SQLite-Normalized,12,1.188635000,1.628934450,6.494500000,51.410991223,1.235419968,,,,,,,0,12,{}
sensitivity,batch-32,FrontierStore,12,22.580513500,24.671946050,6.294500000,4.765076805,1.148147995,,,,,,,0,12,{}
sensitivity,batch-32,SQLite-Normalized,12,6.152053500,6.756607500,5.849000000,30.972999233,1.789536551,,,,,,,0,12,{}
sensitivity,batch-8,FrontierStore,12,19.979828500,22.582345850,6.414500000,5.623155245,1.085733083,,,,,,,0,12,{}
sensitivity,batch-8,SQLite-Normalized,12,3.089773000,3.393413550,6.365000000,41.674101319,1.404610628,,,,,,,0,12,{}
sensitivity,width-1,FrontierStore,12,12.983317500,14.296971200,5.057500000,4.015686275,1.090790752,,,,,,,0,12,{}
sensitivity,width-1,SQLite-Normalized,12,1.721811000,2.018025050,6.104000000,53.897498032,1.190964048,,,,,,,0,12,{}
sensitivity,width-2,FrontierStore,12,18.375879500,20.022064250,6.390000000,5.627342976,1.085733083,,,,,,,0,12,{}
sensitivity,width-2,SQLite-Normalized,12,2.758216000,9.046934700,6.164500000,41.674101319,1.404610628,,,,,,,0,12,{}
sensitivity,width-4,FrontierStore,12,31.260321500,35.790074400,9.128500000,7.815117030,1.100425416,,,,,,,0,12,{}
sensitivity,width-4,SQLite-Normalized,12,5.779679500,7.283452000,6.304000000,39.318562535,1.698191099,,,,,,,0,12,{}
sensitivity,width-8,FrontierStore,12,53.972803000,65.770752100,14.437000000,9.530990103,1.144109152,,,,,,,0,12,{}
sensitivity,width-8,SQLite-Normalized,12,18.200579500,21.988563450,6.595000000,39.238490591,2.020726786,,,,,,,0,12,{}
invalidation,96000-facts,full-scan,120,,,,,,33798.938500000,,,,,,0,120,{}
invalidation,96000-facts,reverse-index,120,,,,,,1.883000000,,,,,,0,120,{}
compaction,interval-0,FrontierStore,8,,,,,1.827554785,,481.625779500,,,,,0,8,"{""selected_segments_p50"":46.0}"
compaction,interval-10,FrontierStore,8,,,,,1.147917292,,116.998482000,55.439389750,,,,0,8,"{""selected_segments_p50"":6.0}"
compaction,interval-40,FrontierStore,8,,,,,1.147917292,,123.412996000,62.310197000,,,,0,8,"{""selected_segments_p50"":6.0}"
crash,before_segment,old,8,,,,,,,,,,,,0,8,"{""exit_code"":73}"
crash,after_header,old,8,,,,,,,,,,,,0,8,"{""exit_code"":73}"
crash,before_footer,old,8,,,,,,,,,,,,0,8,"{""exit_code"":73}"
crash,after_footer,old,8,,,,,,,,,,,,0,8,"{""exit_code"":73}"
crash,after_segment_fsync,old,8,,,,,,,,,,,,0,8,"{""exit_code"":73}"
crash,after_segment_dirsync,old,8,,,,,,,,,,,,0,8,"{""exit_code"":73}"
crash,after_root_write,old,8,,,,,,,,,,,,0,8,"{""exit_code"":73}"
crash,after_root_fsync,old,8,,,,,,,,,,,,0,8,"{""exit_code"":73}"
crash,after_root_replace,new,8,,,,,,,,,,,,0,8,"{""exit_code"":73}"
crash,after_root_dirsync,new,8,,,,,,,,,,,,0,8,"{""exit_code"":73}"
mutation,missing-selected-segment,MISSING_SEGMENT,1,,,,,,,,,,,,0,1,{}
mutation,record-phase-order,PHASE_ORDER,1,,,,,,,,,,,,0,1,{}
mutation,root-fact-count,ROOT_COUNT,1,,,,,,,,,,,,0,1,{}
mutation,selected-path-escape,PATH_ESCAPE,1,,,,,,,,,,,,0,1,{}
mutation,source-generation-type,FIELD_TYPE,1,,,,,,,,,,,,0,1,{}
mutation,stale-dependency-generation,STALE_DEPENDENCY,1,,,,,,,,,,,,0,1,{}
mutation,truncated-footer,INCOMPLETE_SEGMENT,1,,,,,,,,,,,,0,1,{}
concurrency,readers-0,FrontierStore,3,,,,,,,,,64.649610214,6.161227850,0.000000000,0,3,"{""closure_violations"":0}"
concurrency,readers-1,FrontierStore,3,,,,,,,,,14.141408192,42.154714050,14.141408192,0,3,"{""closure_violations"":0}"
concurrency,readers-3,FrontierStore,3,,,,,,,,,5.409785707,154.059151800,19.249820806,0,3,"{""closure_violations"":0}"
public-input,solidity-excerpts,FrontierStore,40,0.634617000,0.957421000,,,,,,,,,,0,40,"{""final_compaction_ms"":1.221823,""final_facts"":129,""final_schema"":2,""updates"":40,""verify_p50_ms"":4.697281500000001}"
