paper_id,title,venue_year,calibration_roles,pdf_pages,bibliography_entries,award_or_visibility_basis,motivating_pain,central_principle,correctness_or_performance_argument,practice_link,evaluation_breadth,artifact_strength,story_sequence,section_structure,figure_table_role,likely_reviewer_attack,comparison_to_current_work,source_url,inspection_date,inspection_scope
andersen2016btrdb,BTrDB: Optimizing Storage System Design for Timeseries Processing,FAST 2016,FAST-primary,15,34,No award role used.,"High-rate precision time-series ingestion, versioned queries, and derived streams stress general databases.",A version-annotated copy-on-write tree and immutable roots make time partitions and statistical aggregates version-addressable.,"A root denotes one version; changed-range queries expose version deltas, while a staged implementation separates tree construction from storage.",Year-long quasi-production deployment and multi-node Ceph-backed measurements.,"Insertion, range queries, compression, scale-out, and deployment statistics over large telemetry.",Implementation and deployment evidence in the paper; no artifact execution in this calibration.,Telemetry pain -> versioned tree abstraction -> storage architecture -> implementation -> scale and deployment.,"Eight main sections, with design before quasi-production implementation and evaluation.","Tree layouts and version links explain the mechanism; throughput, latency, and deployment tables carry scale evidence.","External root-map/storage assumptions, retained-version reclamation, and telemetry-specific workload generality.","Already combines root publication, immutable history, and changed-range discovery; FrontierStore cannot claim those ideas as a new logical publication mechanism.",https://www.usenix.org/system/files/conference/fast16/fast16-papers-andersen.pdf,2026-09-10,Complete full text and relevant displays inspected; artifact not executed.
fryer2012recon,Recon: Verifying File System Consistency at Runtime,FAST 2012,FAST-primary,14,27,No award role used.,File-system bugs can commit structurally inconsistent metadata despite crash-consistent journaling.,Interpret block changes semantically and check offline-checker-derived invariants at each transaction boundary.,A semantic cache relates modified blocks to file-system objects; pre-commit checks cover selected invariant directions and reject corrupting transactions.,Implemented for ext3 and Btrfs-style metadata paths and evaluated with injected corruptions and workload overhead.,"Correctness cases, corruption detection, cache behavior, and filesystem microbenchmarks.",Detailed prototype and evaluation; no artifact execution in this calibration.,Production corruption examples -> semantic checking gap -> Recon design -> invariant construction -> prototype -> faults and overhead.,"Motivation and model lead directly to architecture, implementation, evaluation, limitations, and related work.",Transaction dataflow diagrams establish the checking boundary; fault/overhead tables support efficacy and cost.,Coverage depends on semantic interpretation and selected invariants; trusted cache/parsers may themselves fail.,Recon already makes an inverse/semantic relation part of commit correctness; a FrontierStore checker is differentiated only by its exact object model and independent export boundary.,https://www.usenix.org/system/files/conference/fast12/fryer2-16-12.pdf,2026-09-10,Complete full text and relevant displays inspected; artifact not executed.
kumar2017wafl,High-Performance Metadata Integrity Protection in the WAFL Copy-on-Write File System,FAST 2017,FAST-primary,17,65,No award role used.,Memory scribbles and logic bugs can corrupt metadata even in a copy-on-write production file system.,Combine incremental checksums with transaction auditing and compact consistency digests at WAFL consistency points.,Local and global relationships are summarized by digest equations; audits are aligned with copy-on-write transaction publication.,Production-system design informed by NetApp deployment experience and long-running reliability requirements.,"Fault coverage, digest behavior, CPU and I/O overhead, consistency-point latency, and deployment-oriented cases.",Production-derived implementation evidence; no public artifact execution in this calibration.,Threats to production metadata -> audit cost problem -> digest design -> integration -> protection and overhead -> limitations.,"Background/threats precede protection mechanisms, implementation, evaluation, experience, and related work.",Metadata relationship figures explain digest scope; overhead and corruption tables quantify deployment tradeoffs.,"Hook completeness, probabilistic digest boundaries, proprietary implementation details, and hard-to-reproduce fleet evidence.","WAFL establishes that independent metadata auditing has material cost; FrontierStore must compare the full audit interface, not only its update path.",https://www.usenix.org/system/files/conference/fast17/fast17-kumar.pdf,2026-09-10,Complete full text and relevant displays inspected; artifact not executed.
shin2016isotope,Isotope: Transactional Isolation for Block Storage,FAST 2016,FAST-primary,16,67,No award role used.,"Higher layers need atomic, isolated changes across block abstractions, but storage stacks expose weaker interfaces.","Provide block-level transactions, multi-version snapshots, and isolation beneath multiple storage abstractions.",Transaction identifiers and retained versions yield atomic visibility and snapshot isolation; reclamation waits for snapshot safety.,Prototype supports key-value and filesystem clients over multiple storage devices.,"Transaction overhead, concurrency, multiple applications, device configurations, and recovery-oriented tests.",Prototype and source-level design evidence; no artifact execution in this calibration.,Cross-layer atomicity gap -> transactional block interface -> concurrency/recovery design -> prototypes -> performance.,Motivation/model -> transaction architecture -> implementation -> evaluation -> limitations/related work.,Version/transaction diagrams explain visibility; workload graphs expose isolation overhead and scaling.,"Hardware durability premises, snapshot garbage collection, and whether block transactions justify stack complexity.",Isotope shows that a common commit decision need not be a custom audit store; current-acquisition freshness is a client contract layered over transactional visibility.,https://www.usenix.org/system/files/conference/fast16/fast16-papers-shin.pdf,2026-09-10,Complete full text and relevant displays inspected; artifact not executed.
chidambaram2012cwo,Consistency Without Ordering,FAST 2012,FAST-primary,16,51,No award role used.,Persistence ordering imposed for crash consistency can serialize storage and reduce performance.,Encode logical relationships through backpointers and reconstructable metadata rather than enforce every write order.,NoFS recovers a structurally consistent namespace from unordered writes under its model and validates recovery with crash testing.,Linux filesystem prototype and application/filebench-style workloads.,"Microbenchmarks, applications, ordering elimination, recovery scans, and crash cases.",Kernel prototype and detailed measurements; no artifact execution in this calibration.,Ordering cost -> consistency-without-ordering principle -> NoFS design/recovery -> implementation -> crashes/performance.,"Problem and consistency model precede design, implementation, evaluation, and limitations.",Dependency/backpointer diagrams distinguish consistency semantics; performance graphs show recovered ordering freedom.,Structural consistency is weaker than transactional old-or-new data semantics; recovery scan and backpointer costs may dominate.,Dependency closure can likewise be weaker than complete endpoint equality; the paper motivates stating the exact observation oracle rather than equating closure with atomicity.,https://www.usenix.org/system/files/conference/fast12/chidambaram.pdf,2026-09-10,Complete full text and relevant displays inspected; artifact not executed.
pillai2017ccfs,Application Crash Consistency and Performance with CCFS,FAST 2017,FAST-primary;distinguished,17,57,Official FAST 2017 Distinguished Paper.,Global filesystem ordering makes application crash-consistency protocols costly and still easy to misuse.,Separate per-application persistence streams so required orders are preserved without unnecessary cross-application ordering.,Stream order constrains crash states; application-level crash tests validate protocol outcomes under named failures.,"Linux implementation with databases, version-control, mail, and benchmark workloads.","Application crash tests, fsync behavior, stream interactions, throughput, and latency.",Kernel/application modifications and repeatable workload descriptions; no artifact execution in this calibration.,Application failures -> global-order cause -> stream interface -> filesystem design -> correctness tests -> performance.,"Empirical motivation leads to interface/mechanism, implementation, applications, evaluation, and discussion.",Ordering diagrams communicate allowed crash states; application and throughput tables quantify benefit and obligations.,Applications must assign streams correctly; kernel/API changes and unmodeled dependencies can invalidate guarantees.,CCFS reinforces that ordering is not itself a transaction theorem; FrontierStore must distinguish process-exit tests from power-loss durability and application protocol errors.,https://www.usenix.org/system/files/conference/fast17/fast17_pillai.pdf,2026-09-10,Complete full text and relevant displays inspected; artifact not executed.
yuan2016betrfs,Optimizing Every Operation in a Write-Optimized File System,FAST 2016,FAST-primary;distinguished,15,37,Official FAST 2016 Distinguished Paper.,Write-optimized trees improve inserts but naïve filesystem integration makes metadata and namespace operations slow.,"Use a B-epsilon tree across the filesystem and redesign lookup, rename, traversal, and journaling around write optimization.",Late-binding journal/checkpoint rules preserve namespace operations while batching writes through the tree.,Linux filesystem implementation compared with mature filesystems over microbenchmarks and applications.,"Metadata operations, applications, scans, random/sequential I/O, aging, and configuration sensitivity.",Substantial kernel prototype and broad evaluation; no artifact execution in this calibration.,Incomplete benefit of prior design -> operation-by-operation redesign -> implementation -> comprehensive workloads -> limits.,"Motivation and data structure lead to operation designs, implementation, evaluation, related work.",Tree/operation diagrams explain algorithms; broad benchmark panels establish no single-operation cherry-pick.,"Kernel maturity, workload sensitivity, semantic corner cases, and whether batching shifts costs to reads/recovery.",A lower write count is insufficient without end-to-end audit/open/recovery cost; FrontierStore exhibits exactly this write-versus-audit tradeoff.,https://www.usenix.org/system/files/conference/fast16/fast16-papers-yuan.pdf,2026-09-10,Complete full text and relevant displays inspected; artifact not executed.
lee2015f2fs,F2FS: A New File System for Flash Storage,FAST 2015,FAST-primary;high-visibility,15,31,High-visibility systems calibration based on mainline/mobile deployment and sustained design impact; no award claim.,"Traditional log-structured filesystems do not match flash translation layers, device geometry, and cleaning behavior.","Multi-head logging, hot/cold segregation, node-address translation, and adaptive logging align placement and cleaning with flash.",Checkpoint/recovery structures preserve filesystem state; adaptive normal/threaded logging controls cleaning and write amplification.,Linux implementation used on mobile devices and tested on multiple SSD/eMMC settings.,"Mobile applications, server workloads, utilization/aging, cleaning, write amplification, and device diversity.",Deployed open-source implementation and extensive measurements; no artifact execution in this calibration.,Flash mismatch -> design principles -> on-disk structures/cleaning -> implementation -> mobile/server/aging evidence.,"Background and design precede implementation, multi-part evaluation, and related work.",On-disk layout figures explain placement; sustained aging and write-amplification plots test the core mechanism.,"FTL opacity, device dependence, cleaning tail behavior, and benchmark/configuration tuning.",Selected-root compactness does not imply bounded retained space or sustained cleaning efficiency; current work must measure complete retained images and audit costs.,https://www.usenix.org/system/files/conference/fast15/fast15-paper-lee.pdf,2026-09-10,Complete full text and relevant displays inspected; artifact not executed.
liu2025ananke,"Fast, Transparent Filesystem Microkernel Recovery with Ananke",FAST 2025,FAST-primary;distinguished,19,74,Official FAST 2025 Distinguished Paper.,Filesystem component crashes can require reboot or lose service even when persistent data remain recoverable.,Log replayable operations and isolate restartable micro-components so recovery is transparent to applications.,Persistent logs plus memory checks make component restart and replay bounded under the declared p-crash model.,User-space filesystem prototype evaluated with LevelDB/YCSB and filesystem workloads.,"Injected component failures, recovery latency, common-path overhead, memory/log costs, and applications.",Substantial implementation and fault campaign; no artifact execution in this calibration.,"Availability failure -> p-crash model -> logging/restart design -> implementation -> failures, overhead, and memory.",Problem/model -> architecture/recovery -> implementation -> correctness cases -> broad evaluation -> limits.,Recovery-path diagrams define the fault boundary; latency/throughput/memory plots quantify transparency cost.,"Fault-model coverage, trusted base, log garbage collection, and distinction from machine/power failure.",The distinction between process/component termination and power loss must remain explicit; FrontierStore current evidence is bounded process-level and logical validation.,https://www.usenix.org/system/files/fast25-liu-jing.pdf,2026-09-10,Complete full text and relevant displays inspected; artifact not executed.
shacham2017omid,"Omid, Reloaded: Scalable and Highly-Available Transaction Processing",FAST 2017,FAST-primary,15,36,No award role used.,Distributed key-value stores need scalable transactions without embedding concurrency control in every data tier.,A timestamp oracle and commit table supply snapshot-isolated transactions while preserving separation from the storage layer.,Read/write protocols consult commit metadata to expose one snapshot; high availability follows replicated transaction metadata.,Production-oriented HBase deployment and scale experiments.,"Throughput, contention, failures, scale-out, metadata overhead, and comparison with transaction managers.",Implementation and production-oriented evaluation; no artifact execution in this calibration.,Transaction-layer gap -> architecture/protocol -> safety/availability -> implementation -> throughput and failure evidence.,"Motivation and model lead to protocol, recovery/HA, implementation, evaluation, related work.",Protocol timelines explain commit visibility; scale and failure graphs establish transaction-manager behavior.,"Snapshot-isolation anomalies, oracle/commit-table bottlenecks, and availability assumptions.",A common visibility frontier can be relational and replicated rather than one file; the exact relational reduction therefore defeats a logical uniqueness claim.,https://www.usenix.org/system/files/conference/fast17/fast17-shacham.pdf,2026-09-10,Complete full text and relevant displays inspected; artifact not executed.
ren2026hats,Holistic and Automated Task Scheduling for Distributed LSM-tree-based Storage,FAST 2026,FAST-primary,18,56,No award role used.,"Foreground reads and background compaction interfere across replicas, producing imbalance and tail-latency spikes.",Jointly schedule foreground and maintenance tasks using replica state instead of optimizing each layer independently.,Scheduling objective and feedback allocate work across decoupled replicas; claims are performance rather than transactional correctness.,Cassandra-based implementation over a 12-machine 10-Gb/s testbed.,"YCSB mixes, skew, value size, consistency levels, saturation, throughput, tail latency, and resource use.",Public artifact instructions and scripts are included; artifact not executed here.,Cross-layer interference -> holistic scheduler -> implementation -> extensive sensitivity and resource evaluation.,Motivation/analysis -> design -> implementation -> twelve-plus experiments -> limitations/related work.,Queue/scheduling diagrams motivate coupling; dense workload plots test breadth and tail behavior.,"Reliance on replica decoupling/selection, large testbed assumptions, and transfer to other engines.",It calibrates the need for sustained and sensitivity evidence; one favorable update microbenchmark would not establish a storage contribution.,https://www.usenix.org/system/files/fast26-ren.pdf,2026-09-10,Complete full text and relevant displays inspected; artifact not executed.
lu2016wisckey,WiscKey: Separating Keys from Values in SSD-Conscious Storage,FAST 2016,FAST-primary,17,54,No award role used.,LSM trees repeatedly rewrite large values and suffer read/write amplification on SSDs.,"Keep keys in the sorted tree and append values to a separate log, then prefetch and garbage-collect values.",Key entries point to value-log locations; append/recovery and garbage collection preserve reachability while reducing tree write volume.,LevelDB-derived implementation on commodity SSDs using YCSB and database workloads.,"Loads, reads/writes, scans, value sizes, garbage collection, SSD characteristics, throughput, and amplification.",Substantial prototype and broad reproducible methodology; no artifact execution in this calibration.,LSM amplification -> separation principle -> consistency/GC design -> implementation -> performance and sensitivity.,Problem analysis -> design -> implementation -> experiments -> discussion/related work.,Data-path diagrams explain separation; throughput and amplification plots establish the tradeoff envelope.,"Garbage-collection cost, scans, small values, value-log crash handling, and SSD dependence.","Like WiscKey, FrontierStore lowers rewriting by changing representation; unlike WiscKey, its current full-audit latency loses to the inspected generic rooted composition.",https://www.usenix.org/system/files/conference/fast16/fast16-papers-lu.pdf,2026-09-10,Complete full text and relevant displays inspected; artifact not executed.
manousakis2016environmental,Environmental Conditions and Disk Reliability in Free-Cooled Datacenters,FAST 2016,distinguished,14,35,Official FAST 2016 Distinguished Paper.,Operators lacked field evidence linking temperature/humidity and disk failures under free cooling.,Combine large fleet telemetry with controlled statistical stratification rather than infer reliability from device specifications.,Statistical models and controlled subgroup analyses separate observed associations from simple temperature folklore.,Large production datacenter fleet and operational environmental records.,"Disk models, age, temperature, humidity, workload and datacenter slices with failure-rate analysis.",Rare large-scale field dataset; raw fleet data are not reproduced in this calibration.,Operational question -> prior-confounding gap -> dataset/method -> multivariate results -> implications and limits.,Motivation/related data -> methodology -> environmental analyses -> operational interpretation -> limitations.,Population tables define cohorts; stratified plots make confounding and non-monotone effects visible.,"Observational confounding, vendor/era specificity, selection effects, and unavailable raw production data.",It calibrates measurement provenance: process-accounted write bytes must not be presented as physical-device traffic.,https://www.usenix.org/system/files/conference/fast16/fast16-papers-manousakis.pdf,2026-09-10,Complete full text and relevant displays inspected; artifact not executed.
gjengset2018noria,"Noria: Dynamic, Partially-Stateful Data-Flow for High-Performance Web Applications",OSDI 2018,adjacent,20,81,Adjacent top-venue calibration.,"Application caches and denormalized views require manual invalidation, over-materialization, and difficult migrations.",Use partially materialized dataflow with upqueries so only demanded state is retained and maintained.,Dataflow update propagation plus domain-aware upqueries preserve view behavior under dynamic graph changes and races.,Lobsters-like application and distributed implementation with realistic web workloads.,"Application conversion, reads/writes, partial materialization, memory, failures, migrations, and scale-out.",Large systems prototype and application evidence; no artifact execution in this calibration.,Web-state pain -> partial-state principle -> dataflow semantics -> implementation -> application and systems evaluation.,Motivation/model -> design/races -> implementation -> application/evaluation -> limitations/related work.,Dataflow and upquery diagrams explain state flow; application/scale graphs quantify memory/performance.,"Eventual-view semantics, SQL/operator coverage, memory under adversarial access, and operational complexity.",Noria tracks computation and can recompute missing state; FrontierStore stores opaque declared dependencies and should not claim equivalent semantic incrementality.,https://www.usenix.org/system/files/osdi18-gjengset.pdf,2026-09-10,Complete full text and relevant displays inspected; artifact not executed.
chajed2021gojournal,"GoJournal: A Verified, Concurrent, Crash-Safe Journaling System",OSDI 2021,adjacent,18,29,Adjacent top-venue calibration.,Verified filesystems often sacrifice concurrency or performance because crash reasoning does not compose with shared-memory code.,"Perennial specifications, logically atomic reasoning, and crash-aware lifting verify a concurrent write-ahead journal.",Machine-checked Coq proofs connect Go implementation behavior to concurrent and crash specifications under explicit trusted assumptions.,Integrated journal evaluated through an NFS server against Linux implementations.,"Proof size, concurrency, NFS workloads, crashes, microbenchmarks, and performance stability.",Artifact appendix includes proof checking and performance scripts; not executed in this calibration.,Verification/concurrency gap -> logic and journal design -> machine proof -> implementation -> NFS performance -> trusted base.,Specification/logic -> design -> verification -> implementation -> evaluation -> related work/artifact.,Protocol/proof diagrams expose refinement boundaries; code-size and performance graphs quantify practicality.,"Trusted stack and hardware model, locking premise, proof engineering cost, and environment-sensitive performance.",Bounded tests and hand arguments do not approach implementation refinement; the final paper must state its result as finite evidence rather than verified crash safety.,https://www.usenix.org/system/files/osdi21-chajed.pdf,2026-09-10,Complete full text and relevant displays inspected; artifact not executed.
hance2020veribetrkv,Storage Systems Are Distributed Systems (So Verify Them That Way!),OSDI 2020,adjacent,18,66,Adjacent top-venue calibration.,"Storage software interacts asynchronously with devices and crashes, defeating sequential verification models.",Model the storage device as a distributed asynchronous environment and connect protocol proofs to code proofs.,TLA+-style protocol invariants and Dafny/Hoare reasoning establish crash-safe linearizable behavior for VeriBetrKV.,Verified key-value store with measured performance against RocksDB and verification-engineering accounting.,"Correctness proof corpus, crash behavior, workload performance, scaling, and proof/code effort.",Machine-checked specifications and implementation evidence; no artifact execution in this calibration.,Asynchrony analogy -> protocol specification -> refinement/code verification -> storage implementation -> performance and lessons.,Model and methodology -> protocol proof -> code proof -> system/evaluation -> lessons/related work.,State-machine diagrams define asynchronous boundaries; proof-size and benchmark tables balance rigor and cost.,"Trusted runtime/device model, approximately order-of-magnitude performance gap, and high proof complexity.","It supplies the proof bar for claiming crash-safe storage; FrontierStore instead offers a finite model, executable checker, and explicit non-refinement boundary.",https://www.usenix.org/system/files/osdi20-hance.pdf,2026-09-10,Complete full text and relevant displays inspected; artifact not executed.
budiu2023dbsp,DBSP: Automatic Incremental View Maintenance for Rich Query Languages,PVLDB 2023,adjacent,14,49,Adjacent top-venue calibration.,Existing incremental view maintenance techniques are fragmented by query language and operator class.,A stream calculus and algebraic differentiation transform rich batch queries into incremental computations.,"Algebraic theorems, supported by Lean formalization, establish semantic equivalence of incrementalized operators.",Language/compiler architecture and examples; the paper explicitly leaves full systems performance evaluation to subsequent work.,"Formal operator coverage, examples, complexity discussion, and mechanized mathematics rather than a broad performance campaign.",Lean-checked mathematical development and implementation pointer; not executed in this calibration.,Fragmented IVM -> stream model -> derivatives/operators -> formal properties -> language coverage -> future system evaluation.,Motivation/notation -> calculus -> operator constructions -> formalization -> related work/limitations.,Algebraic tables summarize operators; examples carry semantic intuition rather than systems benchmarks.,Systems practicality and end-to-end performance are deferred; assumptions for non-linear/recursive workloads.,"DBSP provides semantic recomputation, while FrontierStore only persists declared facts; a transactional DBSP composition is a stronger null than a custom fact store alone.",https://www.vldb.org/pvldb/vol16/p1601-budiu.pdf,2026-09-10,Complete full text and relevant displays inspected; artifact not executed.
green2007semirings,Provenance Semirings,PODS 2007,adjacent,10,33,Adjacent foundational theory calibration.,"Why-, where-, lineage-, multiplicity-, and probabilistic provenance had incompatible ad hoc semantics.",Annotate relations over commutative semirings so query operators propagate a general provenance algebra.,Algebraic theorems show how homomorphisms specialize universal annotations to multiple provenance interpretations.,Worked relational-query examples and connections to incomplete/probabilistic databases; no storage engine evaluation.,"Formal definitions, equivalence arguments, and examples rather than empirical systems evidence.",Self-contained mathematical result; no executable artifact used.,Fragmented provenance notions -> K-relations -> positive relational algebra -> universal property -> specializations.,"Definitions and algebraic results dominate, followed by provenance interpretations and related work.","Equations and examples, not performance figures, carry the contribution.","No physical storage/performance design, limits around recursion/difference, and practical annotation growth.","A flat dependency set discards alternative derivations and multiplicity; FrontierStore is a conservative invalidation representation, not a provenance-semiring system.",https://www.cs.ucdavis.edu/~green/papers/pods07.pdf,2026-09-10,Complete full text and relevant displays inspected; artifact not executed.
