claim_id,manuscript_claim,argument_or_theorem,implementation_or_test,experiment,manuscript_location,raw_result_path,maturity,fresh_recheck_status,limitation
C01,Dependency closure alone does not imply that an observation equals a complete committed endpoint.,Proposition 1 (closure insufficiency),frontierstore/baselines.py; tests/test_representation.py,Executed relational interleaving regression,"Sections 1, 2.4, and 7",proofs/representation.md;results/current/code-audit-tests/stderr.txt,proved finite counterexample; current regression passed,CURRENT_PROVED_AND_EXECUTED,Shows an allowed schedule for separately completed reads; it does not require one physical root.
C02,"A visible state must bind current source generations, one fact schema, exact inverse membership, identifiers, epoch, and live counts.",Closure definition and necessity counterexamples,frontierstore/model.py; frontierstore/store.py; frontierstore/checker.py,Current boundary and representation tests,Sections 2.1-2.2,proofs/model.md;proofs/representation.md;results/current/code-audit-tests/stderr.txt,defined and exercised on current source,CURRENT_EXECUTED_PASS,Caller-declared dependencies may still be semantically incomplete.
C03,Validated transactions preserve closure and remove every fact declaring a changed source.,Lemma 2 and invalidation equation,frontierstore/model.py; tests/test_store.py; tests/test_boundaries.py,Current suite and bounded logical histories,Sections 2.1 and 4,results/current/code-audit-tests/stderr.txt;results/current/tiny-histories/observations.json,conditional proof plus finite execution,CURRENT_PROVED_AND_EXECUTED,Relative to the stated transaction semantics and an exact old inverse relation.
C04,The stated logical contract has an exact normalized relational encoding.,Lemma 1 and Theorem 1,frontierstore/model.py; frontierstore/baselines.py; tests/test_boundaries.py; experiments/verify_reviewer_repairs.py,Symbolic lowering; replacement-only a-to-b dependency case; current relational tests,Sections 1 and 2.3,proofs/representation.md;results/current/code-audit-tests/stderr.txt;results/current/reviewer-repairs/verification.json,conditional finite reduction; atomic precomputed-delta application and one-snapshot read path exercised,CURRENT_PROVED,"Assumes serialized valid writes, atomic commit, one complete read transaction, and post-return visibility of that commit or a successor. Replacements clear J=I union dom(N), including full old dependency groups when I is empty. The measured SQLite-N wrapper receives a precomputed delta; SQL invalidation derivation is theorem-level and untimed."
C05,One explicit relational read transaction prevents the closed mixed observation produced by separate SELECTs.,Theorem 1 plus closed-nonendpoint construction,frontierstore/baselines.py; tests/test_representation.py,Writer commits between source and fact statements,Sections 2.3-2.4,proofs/representation.md;results/current/code-audit-tests/stderr.txt,current regression passed,CURRENT_EXECUTED_PASS,Depends on the transaction engine snapshot contract and a new read transaction after acknowledgement that observes that commit or a successor.
C06,"A selected segment chain decodes to its claimed state only after strict path, framing, epoch, count, type, fold, and closure checks.",Lemma 3,frontierstore/store.py; frontierstore/checker.py; tests/test_boundaries.py; tests/test_representation.py,Current malformed-record and exact-fold cases,"Sections 3.1, 3.4, and 4",results/current/code-audit-tests/stderr.txt,current implementation tests passed,CURRENT_EXECUTED_PASS,Selected cases do not establish total diagnostic behavior for arbitrary corruption or resource exhaustion.
C07,"Under the stated abstract publication rule, a complete-object map plus selector materializes the required old or new endpoint at each declared cut.","Theorem 2, abstract selector state machine, and separate cut oracle",frontierstore/store.py; frontierstore/checker.py; experiments/exhaustive.py; tests/test_exhaustive.py,"7,750 abstract publication observations plus closed-nonendpoint and early-selector negative controls; current open/publication tests",Sections 3.1 and 4,proofs/model.md;proofs/representation.md;results/current/tiny-histories/observations.json;results/current/reviewer-repairs/verification.json;results/current/code-audit-tests/stderr.txt,conditional argument plus finite abstract/concrete checks,CURRENT_PROVED_AND_EXECUTED,The endpoint identity result is for the explicit finite abstract object/selector model. It is not a raw-device or concrete filesystem crash theorem; current-source physical process-exit campaign was not rerun.
C08,"Persistent create and update paths capture and validate inputs before durable mutation; raw publication completes positive short writes, rejects invalid progress, and quarantines FrontierStore and SQLite-R after an escaping publication-phase exception.","Preflight-validation invariant, write-loop invariant, and fail-stop continuation argument",frontierstore/model.py; frontierstore/store.py; frontierstore/baselines.py; tests/test_input_capture.py; tests/test_representation.py; tests/test_audit_export.py,Invalid create/delta no-change cases; short-write progress; invalid progress; pre/post-selector failure; stale-selector and reopen/retry cases,Sections 5.3-5.4; Appendix C,proofs/representation.md;results/current/code-audit-tests/stderr.txt,current implementation tests passed,CURRENT_EXECUTED_PASS,"Fail-stop continuation is process-level and requires quiescent reopen; whole-directory replacement, concurrent publishers, and raw-device power failure remain outside scope."
C09,A fresh in-process acquisition after successful return selects the installed endpoint; a held snapshot keeps its captured endpoint.,Theorem 3,frontierstore/store.py; experiments/joint_history.py; tests/test_store.py,Twenty-update joint reader/compaction history,"Sections 2.1, 3.1, 4, and 5",results/current/joint-history/observations.json;results/current/code-audit-tests/stderr.txt,conditional argument plus current joint execution,CURRENT_PROVED_AND_EXECUTED,"No cross-process pins, concurrent independent instances, or freshness requirement for held historical values."
C10,Compaction preserves source/fact/schema/inverse observations and collection preserves current and live in-process selected tuples.,Theorem 3,frontierstore/store.py; experiments/joint_history.py,Five compactions with held/released histories,Sections 3.1 and 4,results/current/joint-history/observations.json,current joint execution passed,CURRENT_EXECUTED_PASS,No abrupt process loss while a pin is held and no cross-instance pin registry.
C11,"A K-delta selected chain has at most K+1 files, but this does not bound checker work or total retained pinned space.",Explicit no-op-delta and pinned-base families,frontierstore/store.py; frontierstore/checker.py,Symbolic implementation-bound examples,Sections 3.1 and 4,proofs/representation.md,proved for the delivered representation families,CURRENT_PROVED,Not a lower bound for all possible checkers or storage engines.
C12,All 114 methods in the retained executable transcript pass.,Executable correspondence suite,tests/; experiments/run_bounded.py,Retained eight-module suite,Abstract; Sections 7-9; Conclusion; Appendix E,results/current/code-audit-tests/stderr.txt;results/current/code-audit-tests/record.json,retained source executed,CURRENT_EXECUTED_PASS,"Finite selected schedules; the delivered 140-method source includes twenty-six methods outside this earlier transcript. The separate results/current/linux/unit/ record covers the source-bound 140-method suite, with six completed finite correctness stages recorded in results/current/linux/run.json. Later code or test changes are not retroactively validated by the earlier transcript; no arbitrary device-fault campaign."
C13,"The declared finite model checks all 775 histories, 2,925 intermediate states, and 7,750 independently materialized abstract selector observations with zero closure, endpoint-membership, or cut-correspondence violations.","Finite transition model, abstract object/selector state machine, and separate endpoint/cut oracle",experiments/exhaustive.py; tests/test_exhaustive.py; experiments/verify_reviewer_repairs.py,Complete Cartesian history enumeration; ten abstract cuts per final transition; mixed-value and wrong-selector negative controls,Abstract; Sections 7-8; Appendix B,results/current/tiny-histories/observations.json;results/current/reviewer-repairs/verification.json,current source executed,CURRENT_EXECUTED_PASS,"Complete only for the declared finite alphabet, cuts, and horizons; not a filesystem/device model, unbounded proof, or mechanized verification. The former 769-history prefix output is retired."
C14,"The joint operational history completes 20 updates and five compactions with all current/held endpoint, pin, checker, and reclamation checks passing.",Theorem 3 correspondence case,experiments/joint_history.py,"24 sources, 144 facts, one reader",Sections 4-6,results/current/joint-history/observations.json,current source executed,CURRENT_EXECUTED_PASS,One deterministic reader schedule; no baseline timing or multi-process concurrency.
C15,Every one of 264 retained current comparison endpoints equals the shared logical oracle.,Three-way durable equality oracle,experiments/current_validation.py; experiments/summarize_current.py,"Small, contained medium, and large fixed-order cases",Abstract; Evaluation Method; Results; Conclusion,results/current/summary/current_summary.json;results/current/acceptance.json,current source executed and deterministically aggregated,CURRENT_EXECUTED_PASS,"Three synthetic scales, ordinary cache state, and one fixed engine order."
C16,"At 500 sources and 3,000 facts, median aligned persistence-plus-audit latency after the shared untimed transition is 219.77 ms for FrontierStore, 28.22 ms for normalized SQLite, and 128.01 ms for rooted SQLite audit.",Retained small fixed-order comparison,experiments/current_validation.py; experiments/summarize_current.py,48 observations per engine,Abstract and Results,results/current/current-small/observations.csv;results/current/summary/current_summary.csv;results/current/accepted-environment.json,current measured result,CURRENT_RECONCILED,"Single-host synthetic workload in the fixed FrontierStore, SQLite-Normalized, SQLite-Rooted-Audit order; combined value is aligned per observation. The retained raw field name update_ms records persistence return; it excludes the shared logical transition, dependency discovery, and invalidation-set derivation. SQLite-Rooted-Audit audit samples follow the delivered double-pass wrapper: two full database/export decode-and-compare passes, then one oracle comparison. Historical Python/SQLite, OS, filesystem, CPU, storage, and virtualization details not retained are explicitly unknown."
C17,"At 2,000 sources and 12,000 facts, median aligned persistence-plus-audit latency after the shared untimed transition is 979.06, 198.11, and 722.78 ms respectively.",Retained contained medium fixed-order comparison,experiments/current_validation.py; experiments/summarize_current.py,24 observations per engine,Abstract and Results,results/current/current-medium-retry/observations.csv;results/current/summary/current_summary.csv;results/current/accepted-environment.json,current measured result,CURRENT_RECONCILED,"Fixed engine order; the first uncontrolled medium attempt is retained and excluded. The retained raw field name update_ms records persistence return; it excludes the shared logical transition, dependency discovery, and invalidation-set derivation. SQLite-Rooted-Audit audit samples follow the delivered double-pass wrapper: two full database/export decode-and-compare passes, then one oracle comparison. Historical Python/SQLite, OS, filesystem, CPU, storage, and virtualization details not retained are explicitly unknown."
C18,"At 6,000 sources and 36,000 facts, median aligned persistence-plus-audit latency after the shared untimed transition is 2,884.69, 737.82, and 2,548.22 ms respectively.",Retained large fixed-order comparison,experiments/current_validation.py; experiments/summarize_current.py,16 observations per engine,Abstract and Results,results/current/current-large/observations.csv;results/current/summary/current_summary.csv;results/current/accepted-environment.json,current measured result,CURRENT_RECONCILED,"Fixed engine order; the largest bounded case is not production scale or a hardware characterization. The retained raw field name update_ms records persistence return; it excludes the shared logical transition, dependency discovery, and invalidation-set derivation. SQLite-Rooted-Audit audit samples follow the delivered double-pass wrapper: two full database/export decode-and-compare passes, then one oracle comparison. Historical Python/SQLite, OS, filesystem, CPU, storage, and virtualization details not retained are explicitly unknown."
C19,"In the retained fixed-order runs, SQLite-Rooted-Audit has lower pooled and per-repetition aligned persistence-plus-full-audit medians than FrontierStore at all three scales.","Descriptive aggregation, per-repetition diagnostics, and deterministic distributional robustness reconstruction",experiments/summarize_current.py; experiments/journal_robustness.py; tests/test_journal_evidence.py,"Pooled ratios 1.72, 1.35, and 1.13; every repetition ratio exceeds one",Sections 8.3-8.4; Appendix D,results/current/summary/current_order_diagnostics.csv;results/current/summary/current_order_repetitions.csv;results/current/summary/journal-robustness.json;results/current/summary/journal-robustness-paired.csv,current descriptive result,CURRENT_RECONCILED,"All rows retain one engine order; bootstrap intervals and temporal halves are within-design diagnostics and do not remove order, host, workload, or cache confounding. SQLite-Rooted-Audit audit samples follow the delivered double-pass wrapper: two full database/export decode-and-compare passes, then one oracle comparison. Historical Python/SQLite, OS, filesystem, CPU, storage, and virtualization details not retained are explicitly unknown."
C20,"The retained fixed-order rows have reconstructed quartiles, deterministic bootstrap median intervals, temporal halves, and paired FrontierStore/SQLite-R differences; these diagnostics do not establish order-independent tail or speed superiority.",Deterministic post-hoc robustness reconstruction from the frozen accepted rows,experiments/journal_robustness.py; tests/test_journal_evidence.py,Nine engine/scale distributions and three paired-difference summaries,Section 8.4; Appendix D,results/current/summary/journal-robustness.json;results/current/summary/journal-robustness.csv;results/current/summary/journal-robustness-paired.csv,current descriptive result,CURRENT_RECONCILED,"Descriptive conditional intervals only; no random order, independent host sample, or production workload sample. SQLite-Rooted-Audit audit samples follow the delivered double-pass wrapper: two full database/export decode-and-compare passes, then one oracle comparison. Historical Python/SQLite, OS, filesystem, CPU, storage, and virtualization details not retained are explicitly unknown."
C21,"SQLite rooted audit writes 27.75, 107.96, and 324.58 times as many process-accounted bytes as FrontierStore across the three scales.",Current write-counter comparison,experiments/current_validation.py; experiments/summarize_current.py,Accepted scale rows,Abstract and Results,results/current/summary/current_comparison.csv,current measured tradeoff,CURRENT_RECONCILED,Process block-write counter is not device traffic or physical write amplification; values come from the fixed-order cases.
C22,"SQLite rooted audit retains 17.91, 22.40, and 17.81 times as many directory bytes as FrontierStore across the three scales.",Current retained-byte comparison,experiments/current_validation.py; experiments/summarize_current.py,Accepted scale endpoints,Abstract and Results,results/current/summary/current_comparison.csv,current measured tradeoff,CURRENT_RECONCILED,Short histories retain all rooted images and use the fixed-order cases; this is not a long-running reclamation study.
C23,Normalized SQLite has the lowest pooled aligned persistence-plus-audit median at every retained fixed-order scale when a separate export is unnecessary.,Current normalized transactional control and descriptive aggregation,frontierstore/baselines.py; experiments/current_validation.py,Retained fixed-order scale rows,Results; Conclusion,results/current/summary/current_summary.csv,current descriptive result,CURRENT_RECONCILED,"Its audit trusts SQLite interpretation, it is not the direct standalone-export control, and the timing order was not counterbalanced. The retained raw field name update_ms records persistence return; it excludes the shared logical transition, dependency discovery, and invalidation-set derivation."
C24,"All retained scale cases use the fixed engine order FrontierStore, SQLite-Normalized, then SQLite-Rooted-Audit; two bounded order-control launches produced no accepted timing observation.",Execution-design audit and failed-evidence admission boundary,experiments/current_validation.py; experiments/order_sensitivity.py; experiments/run_bounded.py; experiments/summarize_current.py,"One pre-observation interface failure and one no-observation controller termination, both fully charged and excluded",Evaluation Method; Results; Implications and Limitations,results/current/acceptance.json;results/current/order-sensitivity/accounting.json;results/current/order-counterbalance/launcher-incident.json;resource-accounting.json;results/current/accepted-environment.json,complete limitation record,CURRENT_RECONCILED,"The failed launches establish neither presence nor absence of a run-order effect. Historical execution records confirm only a Linux-compatible launcher surface; exact Python/SQLite, OS, filesystem, CPU, storage, and virtualization fields are unknown."
C25,"The exact relational reduction terminates the claim that the stated logical contract requires a distinct engine; the fixed-order timings do not establish general performance superiority, while a bounded output/retention tradeoff survives.",Transactional equivalence plus inference-boundary audit,"All current proof, test, and retained-comparison surfaces",Scientific termination decision,Abstract; Results; Implications and Limitations; Conclusion,proofs/representation.md;results/current/summary/current_order_diagnostics.json;results/current/summary/current_comparison.csv,complete bounded negative logical result,TERMINATED_POSITIVE_CLAIM,Future incremental certificates or controlled byte-constrained deployments remain new hypotheses.
C26,"The rooted SQLite audit control selects one immutable database and one canonical export with one root, and requires equal decodes.",Strongest generic cross-interface null construction,frontierstore/baselines.py; frontierstore/audit_export.py; tests/test_representation.py,Four rooted export/publication tests and accepted scale runs,Introduction; Three Representations; Evaluation Method,results/current/code-audit-tests/stderr.txt;results/current/summary/current_summary.json,current implementation executed,CURRENT_EXECUTED_PASS,No SQLite physical-page parser or cryptographic authentication is supplied.
C27,Earlier 80 process-exit and seven mutation cases are retained but do not establish repaired current-source correctness.,Evidence-version boundary,tests/crash_worker.py; historical experiment scripts,Earlier-source retained rows,Evaluation Method; Implications and Limitations,results/raw/crash.csv;results/raw/mutation.csv,historical evidence only,RETAINED_NOT_PROMOTED,Publication/parser code changed after those runs.
C28,"Unknown inherited resource use is conservatively charged; the campaign CPU upper bound reaches 28,800 seconds with no remaining scientific-run allowance.",Resource-admission accounting,experiments/run_bounded.py,"All current admitted, failed, and terminated attempts",Evaluation Method,resource-accounting.json;results/current/order-sensitivity/accounting.json;results/current/order-counterbalance/accounting.json,conservative completed accounting,CURRENT_RECONCILED,"Safety accounting, not performance evidence, exact CPU consumption, or a provider-capacity claim."
C29,"The literature calibration contains 18 complete papers: 12 FAST-primary, five official distinguished/high-visibility, and five adjacent.",Calibration matrix and reference audit,calibration_matrix.csv; reference_audit.csv,Complete-paper inspection; no artifact execution,Related Work,calibration_matrix.csv;reference_audit.csv,completed research calibration,CURRENT_RECONCILED,Matrix is private scientific calibration and does not imply external review or artifact validation.
C30,"LogicScan motivates a retained structured-logic object boundary but does not provide this paper’s transaction, crash, or storage contract.",Retained-Logic Snapshot Bridge,proofs/model.md,Complete preprint inspection,Related Work,reference_audit.csv;proofs/model.md,bounded literature bridge,CURRENT_RECONCILED,"No LogicScan defect, storage result, or semantic ground truth is inferred."
C31,The delivered segment/export checkers validate declared logical structure but do not authenticate history or discover omitted semantic dependencies.,Trust-boundary analysis,frontierstore/checker.py; frontierstore/audit_export.py,Current checker tests,Three Representations; Implications and Limitations,results/current/code-audit-tests/stderr.txt,current bounded statement,CURRENT_EXECUTED_PASS,Whole-history substitution and analyzer omissions remain outside scope.
C32,"The anonymous main wrapper currently uses ACM acmsmall review; the author-visible submission wrapper uses manuscript review. Both share the scientific content with the TOS acmsmall layout wrappers and all 62 references.",Journal publication-surface reconciliation,paper/main.tex; paper/tos-submission.tex; paper/tos-layout.tex; paper/journal-frontmatter.tex; paper/journal-sections.tex,"Retained compilation and rendering record; current wrapper inspection",Entire journal manuscript,results/publication-surface.json,retained render record plus current source inspection,CURRENT_RECONCILED,"The retained publication metadata describes a prior manuscript-review wrapper and does not verify the current wrappers or edited source. Current compilation and rendering remain required; no external submission action was performed."
C33,"For the retained fixed-order runs, the per-repetition FrontierStore/SQLite-Rooted-Audit persistence-plus-audit median ratios are 1.51--2.01, 1.31--1.45, and 1.11--1.14 from small to large; SQLite-Rooted-Audit is lower on 44/48, 20/24, and 11/16 aligned transition identities.",Deterministic per-repetition and paired-update diagnostics,experiments/summarize_current.py,Derived only from the retained fixed-order observations,Sections 8.3-8.4; Appendix D,results/current/summary/current_order_diagnostics.csv;results/current/summary/current_order_repetitions.csv,current descriptive result,CURRENT_RECONCILED,"Within-design stability does not remove the fixed-order confound or provide a confidence interval. The retained raw field name update_ms records persistence return; it excludes the shared logical transition, dependency discovery, and invalidation-set derivation. SQLite-Rooted-Audit audit samples follow the delivered double-pass wrapper: two full database/export decode-and-compare passes, then one oracle comparison. Historical Python/SQLite, OS, filesystem, CPU, storage, and virtualization details not retained are explicitly unknown."
