resource_name,official_or_scholarly_url,license_or_terms,access_date,resource_type,acquisition_method,integration_mode,supported_claim,internals_modified
USENIX conference paper style,https://www.usenix.org/conferences/author-resources/paper-templates,USENIX-supplied publisher asset,2026-09-10,official template,user-supplied style file; official template page rechecked,used unchanged in paper/,"U.S. letter, two-column, 10-point submission format",no
SQLite,https://www.sqlite.org/docs.html,Public Domain,inherited; exact acquisition date not established,database library,host standard runtime interface,embedded normalized and complete-image comparison designs,transaction and rebuild mechanism comparisons,no
Python dbm.dumb interface,https://docs.python.org/3/library/dbm.html,host standard runtime terms,inherited; exact acquisition date not established,key-value interface,host standard runtime interface,complete-state serialized comparison design,full-state rewrite comparison,no
Solidity by Example,https://github.com/Cyfrin/solidity-by-example.github.io,MIT,inherited; exact acquisition date not established,public source repository,compact excerpts retained with upstream notice,Exact selected excerpts bundled with upstream MIT license and notice; used only as text,Public-text shape and deterministic lexical extraction; no semantic audit labels,yes - excerpts selected; not a baseline implementation
LogicScan,https://arxiv.org/abs/2602.03271,scholarly preprint terms,2026-09-10 (UTC),scholarly paper,public scholarly record,conceptual lineage only,distinguishes invariant generation from storage publication,no
BTrDB: Optimizing Storage System Design for Timeseries Processing,https://www.usenix.org/system/files/conference/fast16/fast16-papers-andersen.pdf,Scholarly copyright; read-only access; full text not redistributed,2026-09-10,scholarly paper,public primary full text; complete paper inspected,complete-paper calibration and technical comparison; artifact not executed,Rooted history and incremental provenance already coexist. Distinguish atomic whole application endpoints from eventual interstream repair; then show a benefit over a transactional composition.,no
Recon: Verifying File System Consistency at Runtime,https://www.usenix.org/system/files/conference/fast12/fryer2-16-12.pdf,Scholarly copyright; read-only access; full text not redistributed,2026-09-10,scholarly paper,public primary full text; complete paper inspected,complete-paper calibration and technical comparison; artifact not executed,Already combines semantic invariants and transaction boundaries. Exact inverse checks alone do not distinguish FrontierStore; identify stronger useful obligations.,no
High-Performance Metadata Integrity Protection in the WAFL Copy-on-Write File System,https://www.usenix.org/system/files/conference/fast17/fast17-kumar.pdf,Scholarly copyright; read-only access; full text not redistributed,2026-09-10,scholarly paper,public primary full text; complete paper inspected,complete-paper calibration and technical comparison; artifact not executed,"Audit cost in CoW storage is already central. Exact generation checks differ in object semantics, not a demonstrated new storage principle.",no
Isotope: Transactional Isolation for Block Storage,https://www.usenix.org/system/files/conference/fast16/fast16-papers-shin.pdf,Scholarly copyright; read-only access; full text not redistributed,2026-09-10,scholarly paper,public primary full text; complete paper inspected,complete-paper calibration and technical comparison; artifact not executed,"Old-version stability does not imply newest-version freshness. Compare resource-bounded reclamation, not just file counts.",no
Consistency Without Ordering,https://www.usenix.org/system/files/conference/fast12/chidambaram.pdf,Scholarly copyright; read-only access; full text not redistributed,2026-09-10,scholarly paper,public primary full text; complete paper inspected,complete-paper calibration and technical comparison; artifact not executed,Closure and structural consistency are weaker than endpoint atomicity. Match the oracle to the advertised semantics.,no
Application Crash Consistency and Performance with CCFS,https://www.usenix.org/system/files/conference/fast17/fast17_pillai.pdf,Scholarly copyright; read-only access; full text not redistributed,2026-09-10,scholarly paper,public primary full text; complete paper inspected,complete-paper calibration and technical comparison; artifact not executed,Ordering is not a transaction theorem. Retain adverse controls and distinguish application errors from filesystem guarantees.,no
Optimizing Every Operation in a Write-Optimized File System,https://www.usenix.org/system/files/conference/fast16/fast16-papers-yuan.pdf,Scholarly copyright; read-only access; full text not redistributed,2026-09-10,scholarly paper,public primary full text; complete paper inspected,complete-paper calibration and technical comparison; artifact not executed,Incremental writes still carry recovery and reclamation costs. End-to-end losses matter more than a selected index microbenchmark.,no
F2FS: A New File System for Flash Storage,https://www.usenix.org/system/files/conference/fast15/fast15-paper-lee.pdf,Scholarly copyright; read-only access; full text not redistributed,2026-09-10,scholarly paper,public primary full text; complete paper inspected,complete-paper calibration and technical comparison; artifact not executed,Selected-root compactness is not global space or sustained-cleaning efficiency; measure repeated updates.,no
"Fast, Transparent Filesystem Microkernel Recovery with Ananke",https://www.usenix.org/system/files/fast25-liu-jing.pdf,Scholarly copyright; read-only access; full text not redistributed,2026-09-10,scholarly paper,public primary full text; complete paper inspected,complete-paper calibration and technical comparison; artifact not executed,Separate process termination from system power loss; check acknowledged observations as well as closure.,no
"Omid, Reloaded: Scalable and Highly-Available Transaction Processing",https://www.usenix.org/system/files/conference/fast17/fast17-shacham.pdf,Scholarly copyright; read-only access; full text not redistributed,2026-09-10,scholarly paper,public primary full text; complete paper inspected,complete-paper calibration and technical comparison; artifact not executed,A common commit decision need not be one file. Separate transaction-manager throughput from complete storage work.,no
Holistic and Automated Task Scheduling for Distributed LSM-tree-based Storage,https://www.usenix.org/system/files/fast26-ren.pdf,Scholarly copyright; read-only access; full text not redistributed,2026-09-10,scholarly paper,public primary full text; complete paper inspected,complete-paper calibration and technical comparison; artifact not executed,"First-update timing cannot establish steady-state service behavior. This is workload calibration, not an atomicity predecessor.",no
WiscKey: Separating Keys from Values in SSD-Conscious Storage,https://www.usenix.org/system/files/conference/fast16/fast16-papers-lu.pdf,Scholarly copyright; read-only access; full text not redistributed,2026-09-10,scholarly paper,public primary full text; complete paper inspected,complete-paper calibration and technical comparison; artifact not executed,File-count bounds omit bytes and cleanup cost; match persistence assumptions and preserve adverse results.,no
Environmental Conditions and Disk Reliability in Free-Cooled Datacenters,https://www.usenix.org/system/files/conference/fast16/fast16-papers-manousakis.pdf,Scholarly copyright; read-only access; full text not redistributed,2026-09-10,scholarly paper,public primary full text; complete paper inspected,complete-paper calibration and technical comparison; artifact not executed,Calibrate measurement provenance. Process-accounted bytes cannot stand in for physical traffic; not a close mechanism predecessor.,no
"Noria: Dynamic, Partially-Stateful Data-Flow for High-Performance Web Applications",https://www.usenix.org/system/files/osdi18-gjengset.pdf,Scholarly copyright; read-only access; full text not redistributed,2026-09-10,scholarly paper,public primary full text; complete paper inspected,complete-paper calibration and technical comparison; artifact not executed,Not simply nondurable. Distinguish whole-store atomic reads from eventual derived views without substituting weaker baselines.,no
"GoJournal: A Verified, Concurrent, Crash-Safe Journaling System",https://www.usenix.org/system/files/osdi21-chajed.pdf,Scholarly copyright; read-only access; full text not redistributed,2026-09-10,scholarly paper,public primary full text; complete paper inspected,complete-paper calibration and technical comparison; artifact not executed,Strong endpoint crash specifications already exist. Hand proofs and bounded schedules are not implementation refinement.,no
Storage Systems Are Distributed Systems (So Verify Them That Way!),https://www.usenix.org/system/files/osdi20-hance.pdf,Scholarly copyright; read-only access; full text not redistributed,2026-09-10,scholarly paper,public primary full text; complete paper inspected,complete-paper calibration and technical comparison; artifact not executed,"CoW trees, journals and whole-prefix recovery are verified predecessors. Correct the system name; compare the actual specification, not only APIs.",no
DBSP: Automatic Incremental View Maintenance for Rich Query Languages,https://www.vldb.org/pvldb/vol16/p1601-budiu.pdf,Scholarly copyright; read-only access; full text not redistributed,2026-09-10,scholarly paper,public primary full text; complete paper inspected,complete-paper calibration and technical comparison; artifact not executed,"Tracks computation semantics, unlike opaque dependency declarations. Transactional DBSP composition is a strong null alternative; no published performance claimed here.",no
Provenance Semirings,https://www.cs.ucdavis.edu/~green/papers/pods07.pdf,Scholarly copyright; read-only access; full text not redistributed,2026-09-10,scholarly paper,public primary full text; complete paper inspected,complete-paper calibration and technical comparison; artifact not executed,A flat dependency set loses alternative derivations and multiplicity. FrontierStore conservatively retracts opaque facts; it is not semiring provenance or semantic recomputation.,no
SQLite isolation documentation,https://www.sqlite.org/isolation.html,Official documentation; read-only; text not redistributed,2026-09-10,official API documentation,public primary text,wrapper contract and conditional proof,Snapshot lasts for a read transaction; supports the relational materialization premise,no
SQLite transaction documentation,https://www.sqlite.org/lang_transaction.html,Official documentation; read-only; text not redistributed,2026-09-10,official API documentation,public primary text,wrapper contract and conditional proof,Separate completed implicit SELECT transactions need not share one snapshot,no
Python raw I/O documentation,https://docs.python.org/3/library/io.html,Official documentation; read-only; text not redistributed,2026-09-10,official API documentation,public primary text,wrapper contract and conditional proof,Raw writes report bytes written and may require progress checking to complete a record,no
FAST 2027 Call for Papers,https://www.usenix.org/conference/fast27/call-for-papers,Official conference instructions; read-only; text not redistributed,2026-09-10,official venue instructions,public official page,"page-limit, formatting, anonymity, and supplemental-material calibration",12-page long-paper body excluding references; U.S. letter two-column 10-point; double blind,no
