scale,facts,engine,combined_median_ms,combined_p95_ms,update_median_ms,audit_median_ms
small,3000,FrontierStore,219.769847,304.508377,19.348549,195.386031
small,3000,SQLite-Normalized,28.219313,76.849266,5.229423,22.649105
small,3000,SQLite-Rooted-Audit,128.010226,164.366621,25.658364,77.073364
medium,12000,FrontierStore,979.063769,1205.315415,110.131580,869.256599
medium,12000,SQLite-Normalized,198.109898,225.748588,20.956384,172.358708
medium,12000,SQLite-Rooted-Audit,722.783308,827.281628,165.091163,566.458261
large,36000,FrontierStore,2884.688014,3392.082947,409.709652,2428.413873
large,36000,SQLite-Normalized,737.820705,1265.988068,79.312044,625.344073
large,36000,SQLite-Rooted-Audit,2548.224501,2959.529903,612.920312,1973.893847
