interval,sample,source_count,updates,selected_segments,base_publications,base_p50_ms,open_ms,stored_bytes,logical_state_bytes,space_amplification,checker_ok,state_equal
0,0,1000,45,46,0,,424.65427,2234227,1221356,1.829300384163176,True,True
0,1,1000,45,46,0,,567.678519,2237146,1221466,1.8315253965317086,True,True
0,2,1000,45,46,0,,449.491346,2225896,1221493,1.822274871816703,True,True
0,3,1000,45,46,0,,465.025358,2235675,1221442,1.8303570697585314,True,True
0,4,1000,45,46,0,,470.335425,2230878,1221468,1.8263908673825267,True,True
0,5,1000,45,46,0,,508.991093,2227900,1221374,1.8240931934034947,True,True
0,6,1000,45,46,0,,582.210781,2233672,1221441,1.8287187019266589,True,True
0,7,1000,45,46,0,,492.916134,2228665,1221460,1.8245910631539306,True,True
10,0,1000,45,6,4,55.452717500000006,113.036012,1402923,1221356,1.1486601777041257,True,True
10,1,1000,45,6,4,53.8849525,120.960952,1402339,1221466,1.1480786202808757,True,True
10,2,1000,45,6,4,57.944888500000005,202.944363,1399903,1221493,1.1460589622699435,True,True
10,3,1000,45,6,4,60.961000999999996,145.006181,1402967,1221442,1.148615325164846,True,True
10,4,1000,45,6,4,63.829353,197.194108,1401868,1221468,1.1476911388591433,True,True
10,5,1000,45,6,4,53.7796175,112.455146,1400790,1221374,1.146896855508632,True,True
10,6,1000,45,6,4,55.426062,107.455484,1402871,1221441,1.148537669850611,True,True
10,7,1000,45,6,4,53.0753345,108.00537,1401938,1221460,1.1477559641740211,True,True
40,0,1000,45,6,1,64.547801,114.121809,1402923,1221356,1.1486601777041257,True,True
40,1,1000,45,6,1,60.072593,191.049714,1402339,1221466,1.1480786202808757,True,True
40,2,1000,45,6,1,64.805359,124.326413,1399903,1221493,1.1460589622699435,True,True
40,3,1000,45,6,1,57.880635,119.194745,1402967,1221442,1.148615325164846,True,True
40,4,1000,45,6,1,74.823004,192.026573,1401868,1221468,1.1476911388591433,True,True
40,5,1000,45,6,1,66.288059,157.349246,1400790,1221374,1.146896855508632,True,True
40,6,1000,45,6,1,58.239026,122.499579,1402871,1221441,1.148537669850611,True,True
40,7,1000,45,6,1,54.295234,121.921921,1401938,1221460,1.1477559641740211,True,True
