readers,sample,writer_updates,writer_elapsed_s,writer_updates_per_s,writer_p50_ms,writer_p95_ms,reader_snapshots,reader_snapshots_per_s,mixed_violations,checker_ok
0,0,120,1.8561596829999871,64.64961021351999,5.284212500000001,6.1612278499999995,0,0.0,0,True
0,1,120,1.852284680000139,64.78485801652855,5.345595,5.8056519,0,0.0,0,True
0,2,120,1.9185351099999934,62.54772163121915,5.4828315,6.5133419,0,0.0,0,True
1,0,120,8.485717856000065,14.141408191547475,28.241692,42.15471405,120,14.141408191547475,0,True
1,1,120,8.541884846999892,14.048421648080023,30.3262085,42.881800299999995,120,14.048421648080023,0,True
1,2,120,7.918658806000167,15.154081384220392,25.3506075,38.30916159999999,120,15.154081384220392,0,True
3,0,120,22.18202466899993,5.4097857066989805,66.13312450000001,151.0050335,427,19.249820806337205,0,True
3,1,120,21.26265369900011,5.643698180798715,60.5268825,157.97159954999998,413,19.423727905582243,0,True
3,2,120,22.627900173999933,5.303187616935098,62.700278,154.0591518,391,17.279552985180196,0,True
