boundary,sample,exit_code,expected_root,observed_root,matches_old,matches_new,checker_ok,following_update_ok,timeout
before_segment,0,73,old,old,True,False,True,True,False
before_segment,1,73,old,old,True,False,True,True,False
before_segment,2,73,old,old,True,False,True,True,False
before_segment,3,73,old,old,True,False,True,True,False
before_segment,4,73,old,old,True,False,True,True,False
before_segment,5,73,old,old,True,False,True,True,False
before_segment,6,73,old,old,True,False,True,True,False
before_segment,7,73,old,old,True,False,True,True,False
after_header,0,73,old,old,True,False,True,True,False
after_header,1,73,old,old,True,False,True,True,False
after_header,2,73,old,old,True,False,True,True,False
after_header,3,73,old,old,True,False,True,True,False
after_header,4,73,old,old,True,False,True,True,False
after_header,5,73,old,old,True,False,True,True,False
after_header,6,73,old,old,True,False,True,True,False
after_header,7,73,old,old,True,False,True,True,False
before_footer,0,73,old,old,True,False,True,True,False
before_footer,1,73,old,old,True,False,True,True,False
before_footer,2,73,old,old,True,False,True,True,False
before_footer,3,73,old,old,True,False,True,True,False
before_footer,4,73,old,old,True,False,True,True,False
before_footer,5,73,old,old,True,False,True,True,False
before_footer,6,73,old,old,True,False,True,True,False
before_footer,7,73,old,old,True,False,True,True,False
after_footer,0,73,old,old,True,False,True,True,False
after_footer,1,73,old,old,True,False,True,True,False
after_footer,2,73,old,old,True,False,True,True,False
after_footer,3,73,old,old,True,False,True,True,False
after_footer,4,73,old,old,True,False,True,True,False
after_footer,5,73,old,old,True,False,True,True,False
after_footer,6,73,old,old,True,False,True,True,False
after_footer,7,73,old,old,True,False,True,True,False
after_segment_fsync,0,73,old,old,True,False,True,True,False
after_segment_fsync,1,73,old,old,True,False,True,True,False
after_segment_fsync,2,73,old,old,True,False,True,True,False
after_segment_fsync,3,73,old,old,True,False,True,True,False
after_segment_fsync,4,73,old,old,True,False,True,True,False
after_segment_fsync,5,73,old,old,True,False,True,True,False
after_segment_fsync,6,73,old,old,True,False,True,True,False
after_segment_fsync,7,73,old,old,True,False,True,True,False
after_segment_dirsync,0,73,old,old,True,False,True,True,False
after_segment_dirsync,1,73,old,old,True,False,True,True,False
after_segment_dirsync,2,73,old,old,True,False,True,True,False
after_segment_dirsync,3,73,old,old,True,False,True,True,False
after_segment_dirsync,4,73,old,old,True,False,True,True,False
after_segment_dirsync,5,73,old,old,True,False,True,True,False
after_segment_dirsync,6,73,old,old,True,False,True,True,False
after_segment_dirsync,7,73,old,old,True,False,True,True,False
after_root_write,0,73,old,old,True,False,True,True,False
after_root_write,1,73,old,old,True,False,True,True,False
after_root_write,2,73,old,old,True,False,True,True,False
after_root_write,3,73,old,old,True,False,True,True,False
after_root_write,4,73,old,old,True,False,True,True,False
after_root_write,5,73,old,old,True,False,True,True,False
after_root_write,6,73,old,old,True,False,True,True,False
after_root_write,7,73,old,old,True,False,True,True,False
after_root_fsync,0,73,old,old,True,False,True,True,False
after_root_fsync,1,73,old,old,True,False,True,True,False
after_root_fsync,2,73,old,old,True,False,True,True,False
after_root_fsync,3,73,old,old,True,False,True,True,False
after_root_fsync,4,73,old,old,True,False,True,True,False
after_root_fsync,5,73,old,old,True,False,True,True,False
after_root_fsync,6,73,old,old,True,False,True,True,False
after_root_fsync,7,73,old,old,True,False,True,True,False
after_root_replace,0,73,new,new,False,True,True,True,False
after_root_replace,1,73,new,new,False,True,True,True,False
after_root_replace,2,73,new,new,False,True,True,True,False
after_root_replace,3,73,new,new,False,True,True,True,False
after_root_replace,4,73,new,new,False,True,True,True,False
after_root_replace,5,73,new,new,False,True,True,True,False
after_root_replace,6,73,new,new,False,True,True,True,False
after_root_replace,7,73,new,new,False,True,True,True,False
after_root_dirsync,0,73,new,new,False,True,True,True,False
after_root_dirsync,1,73,new,new,False,True,True,True,False
after_root_dirsync,2,73,new,new,False,True,True,True,False
after_root_dirsync,3,73,new,new,False,True,True,True,False
after_root_dirsync,4,73,new,new,False,True,True,True,False
after_root_dirsync,5,73,new,new,False,True,True,True,False
after_root_dirsync,6,73,new,new,False,True,True,True,False
after_root_dirsync,7,73,new,new,False,True,True,True,False
