method,sample,source_count,fact_count,affected_facts,time_us,equal_set
reverse-index,0,8000,96000,24,2.153,True
full-scan,0,8000,96000,24,33193.239,True
reverse-index,1,8000,96000,24,2.464,True
full-scan,1,8000,96000,24,35631.064,True
reverse-index,2,8000,96000,24,2.244,True
full-scan,2,8000,96000,24,36608.847,True
reverse-index,3,8000,96000,24,1.572,True
full-scan,3,8000,96000,24,33146.779,True
reverse-index,4,8000,96000,24,1.653,True
full-scan,4,8000,96000,24,32951.756,True
reverse-index,5,8000,96000,24,2.314,True
full-scan,5,8000,96000,24,32303.178,True
reverse-index,6,8000,96000,24,1.853,True
full-scan,6,8000,96000,24,32730.832,True
reverse-index,7,8000,96000,24,1.572,True
full-scan,7,8000,96000,24,34404.735,True
reverse-index,8,8000,96000,24,2.233,True
full-scan,8,8000,96000,24,32831.605,True
reverse-index,9,8000,96000,24,2.724,True
full-scan,9,8000,96000,24,32440.575,True
reverse-index,10,8000,96000,24,3.154,True
full-scan,10,8000,96000,24,33451.88,True
reverse-index,11,8000,96000,24,2.494,True
full-scan,11,8000,96000,24,32698.373,True
reverse-index,12,8000,96000,24,2.343,True
full-scan,12,8000,96000,24,32759.095,True
reverse-index,13,8000,96000,24,1.762,True
full-scan,13,8000,96000,24,33742.888,True
reverse-index,14,8000,96000,24,2.634,True
full-scan,14,8000,96000,24,33840.504,True
reverse-index,15,8000,96000,24,2.153,True
full-scan,15,8000,96000,24,33816.048,True
reverse-index,16,8000,96000,24,2.183,True
full-scan,16,8000,96000,24,34158.614,True
reverse-index,17,8000,96000,24,2.614,True
full-scan,17,8000,96000,24,34219.456,True
reverse-index,18,8000,96000,24,2.944,True
full-scan,18,8000,96000,24,33537.418,True
reverse-index,19,8000,96000,24,2.053,True
full-scan,19,8000,96000,24,35013.543,True
reverse-index,20,8000,96000,24,2.023,True
full-scan,20,8000,96000,24,33961.367,True
reverse-index,21,8000,96000,24,1.893,True
full-scan,21,8000,96000,24,34200.968,True
reverse-index,22,8000,96000,24,2.103,True
full-scan,22,8000,96000,24,35024.249,True
reverse-index,23,8000,96000,24,2.013,True
full-scan,23,8000,96000,24,34420.169,True
reverse-index,24,8000,96000,24,1.913,True
full-scan,24,8000,96000,24,37169.743,True
reverse-index,25,8000,96000,24,3.195,True
full-scan,25,8000,96000,24,36824.683,True
reverse-index,26,8000,96000,24,3.135,True
full-scan,26,8000,96000,24,34779.811,True
reverse-index,27,8000,96000,24,1.523,True
full-scan,27,8000,96000,24,40273.822,True
reverse-index,28,8000,96000,24,2.063,True
full-scan,28,8000,96000,24,36486.823,True
reverse-index,29,8000,96000,24,1.682,True
full-scan,29,8000,96000,24,40345.49,True
reverse-index,30,8000,96000,24,2.274,True
full-scan,30,8000,96000,24,37923.95,True
reverse-index,31,8000,96000,24,2.013,True
full-scan,31,8000,96000,24,39367.506,True
reverse-index,32,8000,96000,24,2.053,True
full-scan,32,8000,96000,24,34999.312,True
reverse-index,33,8000,96000,24,1.963,True
full-scan,33,8000,96000,24,34712.77,True
reverse-index,34,8000,96000,24,3.094,True
full-scan,34,8000,96000,24,33963.123,True
reverse-index,35,8000,96000,24,2.043,True
full-scan,35,8000,96000,24,34078.415,True
reverse-index,36,8000,96000,24,1.833,True
full-scan,36,8000,96000,24,34805.449,True
reverse-index,37,8000,96000,24,1.713,True
full-scan,37,8000,96000,24,35442.427,True
reverse-index,38,8000,96000,24,1.582,True
full-scan,38,8000,96000,24,33893.607,True
reverse-index,39,8000,96000,24,2.053,True
full-scan,39,8000,96000,24,34389.905,True
reverse-index,40,8000,96000,24,1.923,True
full-scan,40,8000,96000,24,33565.394,True
reverse-index,41,8000,96000,24,1.673,True
full-scan,41,8000,96000,24,33751.013,True
reverse-index,42,8000,96000,24,1.723,True
full-scan,42,8000,96000,24,35782.739,True
reverse-index,43,8000,96000,24,1.993,True
full-scan,43,8000,96000,24,33239.964,True
reverse-index,44,8000,96000,24,2.153,True
full-scan,44,8000,96000,24,33970.183,True
reverse-index,45,8000,96000,24,1.342,True
full-scan,45,8000,96000,24,34263.173,True
reverse-index,46,8000,96000,24,2.624,True
full-scan,46,8000,96000,24,35436.192,True
reverse-index,47,8000,96000,24,2.554,True
full-scan,47,8000,96000,24,33744.804,True
reverse-index,48,8000,96000,24,2.003,True
full-scan,48,8000,96000,24,33826.857,True
reverse-index,49,8000,96000,24,1.993,True
full-scan,49,8000,96000,24,33480.957,True
reverse-index,50,8000,96000,24,1.272,True
full-scan,50,8000,96000,24,33578.214,True
reverse-index,51,8000,96000,24,1.593,True
full-scan,51,8000,96000,24,32652.17,True
reverse-index,52,8000,96000,24,1.622,True
full-scan,52,8000,96000,24,33014.445,True
reverse-index,53,8000,96000,24,2.054,True
full-scan,53,8000,96000,24,34319.919,True
reverse-index,54,8000,96000,24,1.693,True
full-scan,54,8000,96000,24,33491.292,True
reverse-index,55,8000,96000,24,1.392,True
full-scan,55,8000,96000,24,33653.085,True
reverse-index,56,8000,96000,24,1.412,True
full-scan,56,8000,96000,24,32410.377,True
reverse-index,57,8000,96000,24,1.873,True
full-scan,57,8000,96000,24,32128.193,True
reverse-index,58,8000,96000,24,1.753,True
full-scan,58,8000,96000,24,33767.618,True
reverse-index,59,8000,96000,24,1.753,True
full-scan,59,8000,96000,24,32657.979,True
reverse-index,60,8000,96000,24,1.623,True
full-scan,60,8000,96000,24,33352.334,True
reverse-index,61,8000,96000,24,1.883,True
full-scan,61,8000,96000,24,35866.514,True
reverse-index,62,8000,96000,24,2.804,True
full-scan,62,8000,96000,24,34327.54,True
reverse-index,63,8000,96000,24,1.542,True
full-scan,63,8000,96000,24,33896.923,True
reverse-index,64,8000,96000,24,1.572,True
full-scan,64,8000,96000,24,33650.151,True
reverse-index,65,8000,96000,24,1.682,True
full-scan,65,8000,96000,24,33389.199,True
reverse-index,66,8000,96000,24,1.883,True
full-scan,66,8000,96000,24,33680.337,True
reverse-index,67,8000,96000,24,2.233,True
full-scan,67,8000,96000,24,33386.695,True
reverse-index,68,8000,96000,24,1.763,True
full-scan,68,8000,96000,24,32629.657,True
reverse-index,69,8000,96000,24,1.612,True
full-scan,69,8000,96000,24,32229.204,True
reverse-index,70,8000,96000,24,1.903,True
full-scan,70,8000,96000,24,33166.524,True
reverse-index,71,8000,96000,24,1.462,True
full-scan,71,8000,96000,24,32244.096,True
reverse-index,72,8000,96000,24,1.362,True
full-scan,72,8000,96000,24,33055.928,True
reverse-index,73,8000,96000,24,1.773,True
full-scan,73,8000,96000,24,34077.394,True
reverse-index,74,8000,96000,24,1.452,True
full-scan,74,8000,96000,24,33018.521,True
reverse-index,75,8000,96000,24,1.322,True
full-scan,75,8000,96000,24,35158.63,True
reverse-index,76,8000,96000,24,1.663,True
full-scan,76,8000,96000,24,34520.585,True
reverse-index,77,8000,96000,24,2.294,True
full-scan,77,8000,96000,24,34668.893,True
reverse-index,78,8000,96000,24,1.653,True
full-scan,78,8000,96000,24,33910.914,True
reverse-index,79,8000,96000,24,1.482,True
full-scan,79,8000,96000,24,33497.973,True
reverse-index,80,8000,96000,24,1.863,True
full-scan,80,8000,96000,24,32777.91,True
reverse-index,81,8000,96000,24,2.363,True
full-scan,81,8000,96000,24,34941.744,True
reverse-index,82,8000,96000,24,1.463,True
full-scan,82,8000,96000,24,32171.046,True
reverse-index,83,8000,96000,24,1.221,True
full-scan,83,8000,96000,24,32885.331,True
reverse-index,84,8000,96000,24,1.592,True
full-scan,84,8000,96000,24,34751.788,True
reverse-index,85,8000,96000,24,1.582,True
full-scan,85,8000,96000,24,33564.012,True
reverse-index,86,8000,96000,24,1.833,True
full-scan,86,8000,96000,24,33905.165,True
reverse-index,87,8000,96000,24,1.382,True
full-scan,87,8000,96000,24,34625.509,True
reverse-index,88,8000,96000,24,1.582,True
full-scan,88,8000,96000,24,32636.958,True
reverse-index,89,8000,96000,24,1.592,True
full-scan,89,8000,96000,24,35558.691,True
reverse-index,90,8000,96000,24,1.562,True
full-scan,90,8000,96000,24,34623.084,True
reverse-index,91,8000,96000,24,1.743,True
full-scan,91,8000,96000,24,35379.232,True
reverse-index,92,8000,96000,24,1.803,True
full-scan,92,8000,96000,24,33781.829,True
reverse-index,93,8000,96000,24,1.402,True
full-scan,93,8000,96000,24,33871.344,True
reverse-index,94,8000,96000,24,1.642,True
full-scan,94,8000,96000,24,32563.187,True
reverse-index,95,8000,96000,24,1.602,True
full-scan,95,8000,96000,24,32630.909,True
reverse-index,96,8000,96000,24,1.693,True
full-scan,96,8000,96000,24,36736.223,True
reverse-index,97,8000,96000,24,1.603,True
full-scan,97,8000,96000,24,32217.527,True
reverse-index,98,8000,96000,24,1.482,True
full-scan,98,8000,96000,24,33648.169,True
reverse-index,99,8000,96000,24,2.504,True
full-scan,99,8000,96000,24,34972.18,True
reverse-index,100,8000,96000,24,2.915,True
full-scan,100,8000,96000,24,32917.81,True
reverse-index,101,8000,96000,24,1.943,True
full-scan,101,8000,96000,24,34628.193,True
reverse-index,102,8000,96000,24,1.923,True
full-scan,102,8000,96000,24,34792.289,True
reverse-index,103,8000,96000,24,1.622,True
full-scan,103,8000,96000,24,37244.167,True
reverse-index,104,8000,96000,24,2.444,True
full-scan,104,8000,96000,24,33463.901,True
reverse-index,105,8000,96000,24,2.073,True
full-scan,105,8000,96000,24,33362.729,True
reverse-index,106,8000,96000,24,1.913,True
full-scan,106,8000,96000,24,33674.388,True
reverse-index,107,8000,96000,24,1.692,True
full-scan,107,8000,96000,24,32727.955,True
reverse-index,108,8000,96000,24,2.003,True
full-scan,108,8000,96000,24,33317.17,True
reverse-index,109,8000,96000,24,2.213,True
full-scan,109,8000,96000,24,33412.023,True
reverse-index,110,8000,96000,24,1.632,True
full-scan,110,8000,96000,24,33189.969,True
reverse-index,111,8000,96000,24,2.914,True
full-scan,111,8000,96000,24,34806.821,True
reverse-index,112,8000,96000,24,1.983,True
full-scan,112,8000,96000,24,34149.923,True
reverse-index,113,8000,96000,24,2.875,True
full-scan,113,8000,96000,24,33344.101,True
reverse-index,114,8000,96000,24,2.033,True
full-scan,114,8000,96000,24,34603.406,True
reverse-index,115,8000,96000,24,2.874,True
full-scan,115,8000,96000,24,36719.989,True
reverse-index,116,8000,96000,24,3.545,True
full-scan,116,8000,96000,24,33448.768,True
reverse-index,117,8000,96000,24,2.774,True
full-scan,117,8000,96000,24,33178.582,True
reverse-index,118,8000,96000,24,1.502,True
full-scan,118,8000,96000,24,32776.247,True
reverse-index,119,8000,96000,24,1.282,True
full-scan,119,8000,96000,24,34296.323,True
