update,source,schema,fact_count,invalidated_facts,replacement_facts,update_ms,verify_ms,checker_ok,final_compaction_ms,final_selected_segments,final_checker_ok
1,src00,1,90,9,10,0.670135,0.943495,True,,,
2,src01,1,91,6,7,0.465248,0.943225,True,,,
3,src02,1,92,12,13,0.535934,1.084928,True,,,
4,src03,1,93,10,11,0.676285,1.228553,True,,,
5,src04,1,94,10,11,0.665608,1.476205,True,,,
6,src05,1,95,13,14,0.517256,1.812118,True,,,
7,src06,1,96,11,12,0.537416,1.885568,True,,,
8,src07,1,97,7,8,0.518478,1.994912,True,,,
9,src08,1,98,9,10,0.537707,2.204727,True,,,
10,src09,1,99,12,13,0.553681,2.525248,True,,,
11,src00,1,100,10,11,0.610997,2.431026,True,,,
12,src01,1,101,7,8,0.625769,2.656275,True,,,
13,src02,1,102,13,14,0.629354,2.573049,True,,,
14,src03,1,103,11,12,0.53984,2.855824,True,,,
15,src04,1,104,11,12,0.577877,3.103416,True,,,
16,src05,1,105,14,15,0.67316,3.385359,True,,,
17,src06,1,106,12,13,0.544747,3.530516,True,,,
18,src07,1,107,8,9,0.538538,3.370616,True,,,
19,src08,1,108,10,11,0.531677,3.505399,True,,,
20,src09,2,109,108,109,1.317737,4.731207,True,,,
21,src00,2,110,11,12,0.592749,4.865779,True,,,
22,src01,2,111,8,9,0.635884,4.663356,True,,,
23,src02,2,112,14,15,0.589144,5.004527,True,,,
24,src03,2,113,12,13,0.63335,8.327332,True,,,
25,src04,2,114,12,13,0.69972,5.422745,True,,,
26,src05,2,115,15,16,0.900221,5.805789,True,,,
27,src06,2,116,13,14,0.621532,7.843686,True,,,
28,src07,2,117,9,10,0.675383,6.357877,True,,,
29,src08,2,118,11,12,0.732488,6.737256,True,,,
30,src09,2,119,14,15,0.677516,6.888894,True,,,
31,src00,2,120,12,13,0.608342,8.402644,True,,,
32,src01,2,121,9,10,0.666329,7.026301,True,,,
33,src02,2,122,15,16,1.98646,8.974072,True,,,
34,src03,2,123,13,14,0.792359,7.0592,True,,,
35,src04,2,124,13,14,0.938457,9.183746,True,,,
36,src05,2,125,16,17,0.838298,7.384107,True,,,
37,src06,2,126,14,15,0.755734,8.162735,True,,,
38,src07,2,127,10,11,0.681932,8.018309,True,,,
39,src08,2,128,12,13,0.8069,10.089354,True,,,
40,src09,2,129,15,16,0.883375,7.936957,True,1.221823,1,True
