engine,source_count,fact_count,update_ms,query_p50_us,write_bytes,logical_update_bytes,write_amplification,stored_bytes,logical_state_bytes,space_amplification,durable_equal,checker_ok,selected_segments,sample,dependency_width,batch
FrontierStore,250,1500,3.443645,6.039,45056,8473,5.317597073055588,358995,301001,1.1926704562443313,True,True,2,0,2,8
FrontierStore,250,1500,3.269361,5.939,45056,8586,5.24761239226648,357804,301008,1.1886860149896348,True,True,2,1,2,8
FrontierStore,250,1500,3.112224,5.639,45056,8625,5.223884057971015,358455,301008,1.1908487482060277,True,True,2,2,2,8
FrontierStore,250,1500,3.851692,5.759,45056,8686,5.1871977895463965,358844,301015,1.1921133498330647,True,True,2,3,2,8
FrontierStore,250,1500,3.60548,5.768,40960,8404,4.8738695859114705,356150,300994,1.183246177664671,True,True,2,4,2,8
FrontierStore,250,1500,4.112536,5.929,45056,8465,5.3226225634967514,358783,301001,1.1919661396473766,True,True,2,5,2,8
FrontierStore,250,1500,3.393279,5.759,45056,8523,5.286401501818609,358433,301001,1.1908033528127813,True,True,2,6,2,8
FrontierStore,250,1500,3.648164,5.759,45056,8404,5.361256544502618,358598,300994,1.191379230150767,True,True,2,7,2,8
SQLite-Normalized,250,1500,1.408759,3.195,245760,8473,29.005074943939572,669096,301001,2.2229029139438077,True,True,,0,2,8
SQLite-Normalized,250,1500,1.373987,3.235,274432,8586,31.962730025623106,697936,301008,2.318662626906926,True,True,,1,2,8
SQLite-Normalized,250,1500,1.490713,3.125,241664,8625,28.019014492753623,664976,301008,2.209163876043162,True,True,,2,2,8
SQLite-Normalized,250,1500,1.525536,3.205,311296,8686,35.83882109141147,735016,301015,2.441791937278873,True,True,,3,2,8
SQLite-Normalized,250,1500,1.487588,3.926,237568,8404,28.26844359828653,660856,300994,2.195578649408294,True,True,,4,2,8
SQLite-Normalized,250,1500,1.586127,3.215,274432,8465,32.419610159480214,697936,301001,2.3187165491144546,True,True,,5,2,8
SQLite-Normalized,250,1500,1.348968,3.405,258048,8523,30.276663146779303,681456,301001,2.2639659004455135,True,True,,6,2,8
SQLite-Normalized,250,1500,1.416971,3.155,258048,8404,30.705378391242267,681456,300994,2.264018551864821,True,True,,7,2,8
SQLite-Rebuild,250,1500,6.463569,0.181,393216,8473,46.40811991030332,393216,301001,1.3063611084348556,True,True,,0,2,8
SQLite-Rebuild,250,1500,7.243698,0.19,393216,8586,45.797344514325644,393216,301008,1.3063307287513952,True,True,,1,2,8
SQLite-Rebuild,250,1500,6.749452,0.18,393216,8625,45.59026086956522,393216,301008,1.3063307287513952,True,True,,2,2,8
SQLite-Rebuild,250,1500,6.678505,0.17,393216,8686,45.27008979967764,393216,301015,1.306300350480873,True,True,,3,2,8
SQLite-Rebuild,250,1500,6.819537,0.28,393216,8404,46.78914802475012,393216,300994,1.3063914895313529,True,True,,4,2,8
SQLite-Rebuild,250,1500,6.817835,0.18,393216,8465,46.45197873597165,393216,301001,1.3063611084348556,True,True,,5,2,8
SQLite-Rebuild,250,1500,7.549401,0.18,393216,8523,46.13586765223513,393216,301001,1.3063611084348556,True,True,,6,2,8
SQLite-Rebuild,250,1500,6.585885,0.17,393216,8404,46.78914802475012,393216,300994,1.3063914895313529,True,True,,7,2,8
NDBM-Rebuild,250,1500,4.265247,0.19,315392,8473,37.22317951138912,301058,301001,1.000189368141634,True,True,,0,2,8
NDBM-Rebuild,250,1500,5.082943,0.18,315392,8586,36.733286745865364,301065,301008,1.000189363737841,True,True,,1,2,8
NDBM-Rebuild,250,1500,4.992226,0.17,315392,8625,36.567188405797104,301065,301008,1.000189363737841,True,True,,2,2,8
NDBM-Rebuild,250,1500,4.488325,0.28,315392,8686,36.31038452682478,301072,301015,1.0001893593342523,True,True,,3,2,8
NDBM-Rebuild,250,1500,4.272087,0.24,315392,8404,37.52879581151832,301051,300994,1.0001893725456321,True,True,,4,2,8
NDBM-Rebuild,250,1500,4.45936,0.18,315392,8465,37.25835794447726,301058,301001,1.000189368141634,True,True,,5,2,8
NDBM-Rebuild,250,1500,4.758713,0.23,315392,8523,37.00481051273026,301058,301001,1.000189368141634,True,True,,6,2,8
NDBM-Rebuild,250,1500,4.190764,0.17,315392,8404,37.52879581151832,301051,300994,1.0001893725456321,True,True,,7,2,8
FrontierStore,2000,12000,20.76077,6.49,49152,8752,5.616087751371115,2608980,2415015,1.0803162713275072,True,True,2,0,2,8
FrontierStore,2000,12000,20.887791,6.46,49152,8780,5.598177676537586,2609008,2415015,1.0803278654583925,True,True,2,1,2,8
FrontierStore,2000,12000,21.094685,6.369,49152,8780,5.598177676537586,2609008,2415015,1.0803278654583925,True,True,2,2,2,8
FrontierStore,2000,12000,20.328059,6.109,49152,8741,5.623155245395264,2608969,2415015,1.0803117164903737,True,True,2,3,2,8
FrontierStore,2000,12000,20.237682,6.159,49152,8780,5.598177676537586,2607784,2415015,1.0798210363082632,True,True,2,4,2,8
FrontierStore,2000,12000,20.660475,6.57,49152,8692,5.654855039116429,2608388,2415008,1.0800742689051133,True,True,2,5,2,8
FrontierStore,2000,12000,23.383987,6.661,49152,8780,5.598177676537586,2609008,2415015,1.0803278654583925,True,True,2,6,2,8
FrontierStore,2000,12000,20.836612,6.32,49152,8741,5.623155245395264,2608969,2415015,1.0803117164903737,True,True,2,7,2,8
SQLite-Normalized,2000,12000,2.721281,5.878,409600,8752,46.80073126142596,3307880,2415015,1.369714059747041,True,True,,0,2,8
SQLite-Normalized,2000,12000,2.958451,5.658,393216,8780,44.785421412300686,3291400,2415015,1.3628900855688266,True,True,,1,2,8
SQLite-Normalized,2000,12000,2.93113,5.759,413696,8780,47.117995444191344,3312000,2415015,1.3714200532915946,True,True,,2,2,8
SQLite-Normalized,2000,12000,2.959803,6.36,352256,8741,40.299279258666054,3250200,2415015,1.3458301501232912,True,True,,3,2,8
SQLite-Normalized,2000,12000,3.017029,6.079,372736,8780,42.45284738041002,3270800,2415015,1.354360117846059,True,True,,4,2,8
SQLite-Normalized,2000,12000,3.204814,6.269,335872,8692,38.64150943396226,3233720,2415008,1.3390100571095416,True,True,,5,2,8
SQLite-Normalized,2000,12000,3.094757,6.049,380928,8780,43.385876993166285,3279040,2415015,1.357772104935166,True,True,,6,2,8
SQLite-Normalized,2000,12000,2.742083,5.729,401408,8741,45.92243450406132,3299640,2415015,1.3663020726579338,True,True,,7,2,8
SQLite-Rebuild,2000,12000,58.550811,0.521,2867200,8752,327.60511882998173,2867200,2415015,1.1872390026562982,True,True,,0,2,8
SQLite-Rebuild,2000,12000,61.762544,0.481,2867200,8780,326.5603644646925,2867200,2415015,1.1872390026562982,True,True,,1,2,8
SQLite-Rebuild,2000,12000,58.818596,0.431,2867200,8780,326.5603644646925,2867200,2415015,1.1872390026562982,True,True,,2,2,8
SQLite-Rebuild,2000,12000,58.334543,0.531,2867200,8741,328.01738931472374,2867200,2415015,1.1872390026562982,True,True,,3,2,8
SQLite-Rebuild,2000,12000,111.870911,0.441,2867200,8780,326.5603644646925,2867200,2415015,1.1872390026562982,True,True,,4,2,8
SQLite-Rebuild,2000,12000,58.845588,0.401,2867200,8692,329.86654394845834,2867200,2415008,1.18724244391737,True,True,,5,2,8
SQLite-Rebuild,2000,12000,58.863445,0.511,2867200,8780,326.5603644646925,2867200,2415015,1.1872390026562982,True,True,,6,2,8
SQLite-Rebuild,2000,12000,57.658253,0.43,2867200,8741,328.01738931472374,2867200,2415015,1.1872390026562982,True,True,,7,2,8
NDBM-Rebuild,2000,12000,53.137364,0.531,2428928,8752,277.52833638025595,2415074,2415015,1.0000244304900798,True,True,,0,2,8
NDBM-Rebuild,2000,12000,136.570583,0.461,2428928,8780,276.64328018223233,2415074,2415015,1.0000244304900798,True,True,,1,2,8
NDBM-Rebuild,2000,12000,39.437877,0.461,2428928,8780,276.64328018223233,2415074,2415015,1.0000244304900798,True,True,,2,2,8
NDBM-Rebuild,2000,12000,37.927132,0.45,2428928,8741,277.87758837661596,2415074,2415015,1.0000244304900798,True,True,,3,2,8
NDBM-Rebuild,2000,12000,39.184252,0.511,2428928,8780,276.64328018223233,2415074,2415015,1.0000244304900798,True,True,,4,2,8
NDBM-Rebuild,2000,12000,39.817807,0.451,2428928,8692,279.4440865163369,2415067,2415008,1.0000244305608925,True,True,,5,2,8
NDBM-Rebuild,2000,12000,98.621122,0.431,2428928,8780,276.64328018223233,2415074,2415015,1.0000244304900798,True,True,,6,2,8
NDBM-Rebuild,2000,12000,39.615341,0.531,2428928,8741,277.87758837661596,2415074,2415015,1.0000244304900798,True,True,,7,2,8
FrontierStore,6000,36000,69.866457,6.7,49152,8895,5.5258010118043845,7757123,7259119,1.0686039173624238,True,True,2,0,2,8
FrontierStore,6000,36000,66.514896,6.38,45056,8870,5.079594137542277,7755262,7259119,1.0683475501641453,True,True,2,1,2,8
FrontierStore,6000,36000,73.930246,6.58,49152,8910,5.516498316498317,7757138,7259119,1.0686059837288795,True,True,2,2,2,8
FrontierStore,6000,36000,67.819885,6.79,49152,8922,5.509078681909886,7757150,7259119,1.068607636822044,True,True,2,3,2,8
FrontierStore,6000,36000,66.512041,6.57,49152,8910,5.516498316498317,7757138,7259119,1.0686059837288795,True,True,2,4,2,8
FrontierStore,6000,36000,63.562235,6.46,49152,8910,5.516498316498317,7757138,7259119,1.0686059837288795,True,True,2,5,2,8
FrontierStore,6000,36000,63.57185,6.901,49152,8923,5.508461279838619,7757151,7259119,1.068607774579808,True,True,2,6,2,8
FrontierStore,6000,36000,65.912033,6.68,49152,8910,5.516498316498317,7757138,7259119,1.0686059837288795,True,True,2,7,2,8
SQLite-Normalized,6000,36000,7.302611,6.76,372736,8895,41.90399100618325,9078928,7259119,1.2506928182331767,True,True,,0,2,8
SQLite-Normalized,6000,36000,6.994623,6.73,372736,8870,42.02209695603157,9078928,7259119,1.2506928182331767,True,True,,1,2,8
SQLite-Normalized,6000,36000,7.72465,6.84,421888,8910,47.34994388327722,9128368,7259119,1.2575035620713753,True,True,,2,2,8
SQLite-Normalized,6000,36000,7.09973,6.64,413696,8922,46.36807890607487,9120128,7259119,1.2563684380983422,True,True,,3,2,8
SQLite-Normalized,6000,36000,7.555115,6.84,393216,8910,44.131986531986534,9099528,7259119,1.2535306281657594,True,True,,4,2,8
SQLite-Normalized,6000,36000,7.232458,6.73,421888,8910,47.34994388327722,9128368,7259119,1.2575035620713753,True,True,,5,2,8
SQLite-Normalized,6000,36000,6.949067,6.499,413696,8923,46.36288243864171,9120128,7259119,1.2563684380983422,True,True,,6,2,8
SQLite-Normalized,6000,36000,7.789372,6.44,385024,8910,43.21257014590348,9091288,7259119,1.2523955041927264,True,True,,7,2,8
SQLite-Rebuild,6000,36000,274.002522,0.591,8687616,8895,976.6853288364249,8679424,7259119,1.1956580405969375,True,True,,0,2,8
SQLite-Rebuild,6000,36000,191.789413,0.621,8679424,8870,978.514543404735,8679424,7259119,1.1956580405969375,True,True,,1,2,8
SQLite-Rebuild,6000,36000,211.599338,0.551,8679424,8910,974.1216610549944,8679424,7259119,1.1956580405969375,True,True,,2,2,8
SQLite-Rebuild,6000,36000,297.798494,0.52,8679424,8922,972.811477247254,8679424,7259119,1.1956580405969375,True,True,,3,2,8
SQLite-Rebuild,6000,36000,307.127898,0.551,8679424,8910,974.1216610549944,8679424,7259119,1.1956580405969375,True,True,,4,2,8
SQLite-Rebuild,6000,36000,201.578881,0.52,8679424,8910,974.1216610549944,8679424,7259119,1.1956580405969375,True,True,,5,2,8
SQLite-Rebuild,6000,36000,308.774658,0.551,8679424,8923,972.7024543315028,8679424,7259119,1.1956580405969375,True,True,,6,2,8
SQLite-Rebuild,6000,36000,197.826469,0.551,8679424,8910,974.1216610549944,8679424,7259119,1.1956580405969375,True,True,,7,2,8
NDBM-Rebuild,6000,36000,267.961194,0.551,7282688,8895,818.7395165823497,7259178,7259119,1.0000081277080592,True,True,,0,2,8
NDBM-Rebuild,6000,36000,243.938136,0.541,7278592,8870,820.5853438556934,7259178,7259119,1.0000081277080592,True,True,,1,2,8
NDBM-Rebuild,6000,36000,162.053098,0.611,7274496,8910,816.4417508417508,7259178,7259119,1.0000081277080592,True,True,,2,2,8
NDBM-Rebuild,6000,36000,167.17596,0.561,7278592,8922,815.8027348128222,7259178,7259119,1.0000081277080592,True,True,,3,2,8
NDBM-Rebuild,6000,36000,249.570638,0.521,7278592,8910,816.9014590347924,7259178,7259119,1.0000081277080592,True,True,,4,2,8
NDBM-Rebuild,6000,36000,263.470126,0.57,7274496,8910,816.4417508417508,7259178,7259119,1.0000081277080592,True,True,,5,2,8
NDBM-Rebuild,6000,36000,176.685642,0.661,7274496,8923,815.2522694161156,7259178,7259119,1.0000081277080592,True,True,,6,2,8
NDBM-Rebuild,6000,36000,149.040814,0.541,7274496,8910,816.4417508417508,7259178,7259119,1.0000081277080592,True,True,,7,2,8
