engine,source_count,fact_count,update_ms,query_p50_us,write_bytes,logical_update_bytes,write_amplification,stored_bytes,logical_state_bytes,space_amplification,durable_equal,checker_ok,selected_segments,setting,sample,dependency_width,batch,affected_facts
FrontierStore,1500,9000,18.086674,6.61,12288,1149,10.694516971279374,1928529,1808878,1.066146528400478,True,True,2,batch-1,0,2,1,12
FrontierStore,1500,9000,18.233816,6.53,12288,1162,10.57487091222031,1928542,1808878,1.0661537151759268,True,True,2,batch-1,1,2,1,12
FrontierStore,1500,9000,17.573458,6.3,12288,1175,10.457872340425531,1928555,1808878,1.0661609019513754,True,True,2,batch-1,2,2,1,12
FrontierStore,1500,9000,15.769163,6.3,12288,1149,10.694516971279374,1928529,1808878,1.066146528400478,True,True,2,batch-1,3,2,1,12
FrontierStore,1500,9000,15.668952,6.169,16384,1162,14.099827882960414,1928542,1808878,1.0661537151759268,True,True,2,batch-1,4,2,1,12
FrontierStore,1500,9000,15.896295,6.36,12288,1162,10.57487091222031,1928542,1808878,1.0661537151759268,True,True,2,batch-1,5,2,1,12
FrontierStore,1500,9000,15.905579,6.53,12288,1175,10.457872340425531,1928555,1808878,1.0661609019513754,True,True,2,batch-1,6,2,1,12
FrontierStore,1500,9000,16.612847,6.259,12288,1162,10.57487091222031,1928542,1808878,1.0661537151759268,True,True,2,batch-1,7,2,1,12
FrontierStore,1500,9000,17.559736,6.309,12288,1162,10.57487091222031,1928542,1808878,1.0661537151759268,True,True,2,batch-1,8,2,1,12
FrontierStore,1500,9000,16.47118,6.31,12288,1162,10.57487091222031,1928542,1808878,1.0661537151759268,True,True,2,batch-1,9,2,1,12
FrontierStore,1500,9000,17.753099,6.189,12288,1162,10.57487091222031,1928542,1808878,1.0661537151759268,True,True,2,batch-1,10,2,1,12
FrontierStore,1500,9000,16.626634,6.229,12288,1162,10.57487091222031,1928542,1808878,1.0661537151759268,True,True,2,batch-1,11,2,1,12
SQLite-Normalized,1500,9000,1.238413,6.509,61440,1149,53.472584856396864,2236784,1808878,1.2365587950099455,True,True,,batch-1,0,2,1,12
SQLite-Normalized,1500,9000,1.712601,6.459,57344,1162,49.34939759036145,2232664,1808878,1.2342811400216045,True,True,,batch-1,1,2,1,12
SQLite-Normalized,1500,9000,1.130109,6.4,53248,1175,45.31744680851064,2228544,1808878,1.2320034850332637,True,True,,batch-1,2,2,1,12
SQLite-Normalized,1500,9000,1.56048,6.33,61440,1149,53.472584856396864,2236784,1808878,1.2365587950099455,True,True,,batch-1,3,2,1,12
SQLite-Normalized,1500,9000,1.525007,6.54,57344,1162,49.34939759036145,2232664,1808878,1.2342811400216045,True,True,,batch-1,4,2,1,12
SQLite-Normalized,1500,9000,1.116682,6.24,57344,1162,49.34939759036145,2232664,1808878,1.2342811400216045,True,True,,batch-1,5,2,1,12
SQLite-Normalized,1500,9000,1.142791,6.65,65536,1175,55.77531914893617,2240904,1808878,1.2388364499982862,True,True,,batch-1,6,2,1,12
SQLite-Normalized,1500,9000,1.20195,6.71,65536,1162,56.399311531841654,2240904,1808878,1.2388364499982862,True,True,,batch-1,7,2,1,12
SQLite-Normalized,1500,9000,1.17532,6.319,77824,1162,66.97418244406197,2253264,1808878,1.2456694149633087,True,True,,batch-1,8,2,1,12
SQLite-Normalized,1500,9000,1.06934,6.48,57344,1162,49.34939759036145,2232664,1808878,1.2342811400216045,True,True,,batch-1,9,2,1,12
SQLite-Normalized,1500,9000,1.163913,6.52,53248,1162,45.82444061962134,2228544,1808878,1.2320034850332637,True,True,,batch-1,10,2,1,12
SQLite-Normalized,1500,9000,1.266658,6.65,65536,1162,56.399311531841654,2240904,1808878,1.2388364499982862,True,True,,batch-1,11,2,1,12
FrontierStore,1500,9000,16.927693,6.279,49152,8754,5.614804660726525,1964459,1809515,1.0856273642384837,True,True,2,batch-8,0,2,8,96
FrontierStore,1500,9000,19.228498,6.37,49152,8741,5.623155245395264,1964446,1809515,1.0856201799929814,True,True,2,batch-8,1,2,8,96
FrontierStore,1500,9000,18.511654,6.059,45056,8780,5.131662870159453,1961221,1809515,1.0838379344741547,True,True,2,batch-8,2,2,8,96
FrontierStore,1500,9000,19.975467,6.459,49152,8741,5.623155245395264,1965466,1809515,1.0861838669477732,True,True,2,batch-8,3,2,8,96
FrontierStore,1500,9000,19.98419,6.5,49152,8641,5.688230528873973,1964834,1809508,1.0858388025916437,True,True,2,batch-8,4,2,8,95
FrontierStore,1500,9000,24.576565,6.459,49152,8741,5.623155245395264,1965466,1809515,1.0861838669477732,True,True,2,batch-8,5,2,8,96
FrontierStore,1500,9000,17.429016,6.42,49152,8680,5.662672811059908,1964873,1809508,1.0858603554115263,True,True,2,batch-8,6,2,8,95
FrontierStore,1500,9000,20.452108,6.39,45056,8667,5.1985692857967,1963228,1809508,1.0849512685216092,True,True,2,batch-8,7,2,8,95
FrontierStore,1500,9000,20.031431,6.53,49152,8728,5.6315307057745185,1964433,1809515,1.0856129957474794,True,True,2,batch-8,8,2,8,96
FrontierStore,1500,9000,20.787485,6.55,45056,8728,5.162236480293309,1963617,1809515,1.085162046183646,True,True,2,batch-8,9,2,8,96
FrontierStore,1500,9000,16.640373,6.269,49152,8728,5.6315307057745185,1965453,1809515,1.086176682702271,True,True,2,batch-8,10,2,8,96
FrontierStore,1500,9000,20.950712,6.409,49152,8728,5.6315307057745185,1965453,1809515,1.086176682702271,True,True,2,batch-8,11,2,8,96
SQLite-Normalized,1500,9000,3.267045,6.18,364544,8754,41.64313456705506,2541664,1809515,1.4046106277096349,True,True,,batch-8,0,2,8,96
SQLite-Normalized,1500,9000,3.2238,6.42,364544,8741,41.705068070014875,2541664,1809515,1.4046106277096349,True,True,,batch-8,1,2,8,96
SQLite-Normalized,1500,9000,2.380879,6.029,311296,8780,35.45512528473804,2488104,1809515,1.3750115362403739,True,True,,batch-8,2,2,8,96
SQLite-Normalized,1500,9000,3.16415,6.039,364544,8741,41.705068070014875,2541664,1809515,1.4046106277096349,True,True,,batch-8,3,2,8,96
SQLite-Normalized,1500,9000,2.810136,6.229,348160,8641,40.29163291285731,2525184,1809508,1.3955086133910433,True,True,,batch-8,4,2,8,95
SQLite-Normalized,1500,9000,3.015396,6.67,376832,8741,43.11085688136369,2554024,1809515,1.4114411872794643,True,True,,batch-8,5,2,8,96
SQLite-Normalized,1500,9000,2.649113,6.009,331776,8680,38.22304147465438,2508704,1809508,1.3864011653996555,True,True,,batch-8,6,2,8,95
SQLite-Normalized,1500,9000,3.182317,6.57,307200,8667,35.444790584977504,2483984,1809508,1.3727399934125741,True,True,,batch-8,7,2,8,95
SQLite-Normalized,1500,9000,2.994296,6.61,348160,8728,39.89000916590284,2525184,1809515,1.3955032149498623,True,True,,batch-8,8,2,8,96
SQLite-Normalized,1500,9000,3.50591,6.58,372736,8728,42.7057745187901,2549904,1809515,1.4091643340895212,True,True,,batch-8,9,2,8,96
SQLite-Normalized,1500,9000,2.994386,6.31,372736,8728,42.7057745187901,2549904,1809515,1.4091643340895212,True,True,,batch-8,10,2,8,96
SQLite-Normalized,1500,9000,3.301371,6.47,393216,8728,45.05224564619615,2570504,1809515,1.420548600039237,True,True,,batch-8,11,2,8,96
FrontierStore,1500,9000,22.569597,6.54,163840,34190,4.792044457443697,2078132,1811657,1.1470891013033924,True,True,2,batch-32,0,2,32,378
FrontierStore,1500,9000,21.79772,6.51,163840,34489,4.750500159471136,2079743,1811685,1.1479606002147171,True,True,2,batch-32,1,2,32,382
FrontierStore,1500,9000,21.909949,6.27,167936,34538,4.862354508078059,2086320,1811685,1.151590922262976,True,True,2,batch-32,2,2,32,382
FrontierStore,1500,9000,24.017615,6.28,163840,34395,4.763483064398895,2081565,1811678,1.1489707332097647,True,True,2,batch-32,3,2,32,381
FrontierStore,1500,9000,22.59143,6.2,159744,34064,4.68952559887271,2076046,1811650,1.1459420969834129,True,True,2,batch-32,4,2,32,377
FrontierStore,1500,9000,23.309916,6.5,163840,34240,4.785046728971962,2079122,1811664,1.147631128067898,True,True,2,batch-32,5,2,32,379
FrontierStore,1500,9000,25.471684,6.23,163840,34192,4.791764155357979,2081398,1811657,1.1488918708121902,True,True,2,batch-32,6,2,32,378
FrontierStore,1500,9000,22.161539,6.499,155648,33992,4.578959755236526,2074422,1811643,1.1450501009304814,True,True,2,batch-32,7,2,32,376
FrontierStore,1500,9000,23.373709,6.309,163840,34372,4.766670545793088,2080114,1811678,1.1481698182568867,True,True,2,batch-32,8,2,32,381
FrontierStore,1500,9000,22.860255,6.2,163840,34673,4.725290571914746,2080051,1811692,1.1481261715567548,True,True,2,batch-32,9,2,32,383
FrontierStore,1500,9000,20.750307,6.169,163840,34619,4.732661255379994,2082525,1811685,1.149496187251095,True,True,2,batch-32,10,2,32,382
FrontierStore,1500,9000,21.683967,6.61,167936,34350,4.888966521106259,2084456,1811671,1.1505709369968389,True,True,2,batch-32,11,2,32,380
SQLite-Normalized,1500,9000,6.56679,5.889,1036288,34190,30.309681193331382,3213224,1811657,1.7736381666065928,True,True,,batch-32,0,2,32,378
SQLite-Normalized,1500,9000,6.038582,5.909,1028096,34489,29.809388500681376,3204984,1811685,1.7690625025873703,True,True,,batch-32,1,2,32,382
SQLite-Normalized,1500,9000,6.414561,6.039,1159168,34538,33.56210550697782,3336824,1811685,1.8418345352530932,True,True,,batch-32,2,2,32,382
SQLite-Normalized,1500,9000,6.241609,5.739,1064960,34395,30.962639918592817,3242064,1811678,1.7895365511972878,True,True,,batch-32,3,2,32,381
SQLite-Normalized,1500,9000,5.939422,5.639,991232,34064,29.09910756223579,3167904,1811650,1.7486291502221731,True,True,,batch-32,4,2,32,377
SQLite-Normalized,1500,9000,5.922287,5.819,987136,34240,28.829906542056076,3163784,1811664,1.7463414849552676,True,True,,batch-32,5,2,32,379
SQLite-Normalized,1500,9000,6.865832,5.869,1089536,34192,31.865231633130556,3266784,1811657,1.803202261796797,True,True,,batch-32,6,2,32,378
SQLite-Normalized,1500,9000,5.965051,5.819,983040,33992,28.91974582254648,3159664,1811643,1.7440875492577732,True,True,,batch-32,7,2,32,376
SQLite-Normalized,1500,9000,6.667242,5.909,1064960,34372,30.98335854765507,3242064,1811678,1.7895365511972878,True,True,,batch-32,8,2,32,381
SQLite-Normalized,1500,9000,6.058102,5.718,1093632,34673,31.541314567530932,3270904,1811692,1.8054415430437403,True,True,,batch-32,9,2,32,383
SQLite-Normalized,1500,9000,6.227467,5.839,1134592,34619,32.77367919350645,3312104,1811685,1.8281897791282702,True,True,,batch-32,10,2,32,382
SQLite-Normalized,1500,9000,6.07664,5.859,1150976,34350,33.50730713245997,3328584,1811671,1.8373004811580027,True,True,,batch-32,11,2,32,380
FrontierStore,1500,9000,14.488347,5.138,16384,4073,4.022587773140192,1492390,1368179,1.0907856355052956,True,True,2,width-1,0,1,8,48
FrontierStore,1500,9000,13.90145,5.188,20480,4073,5.0282347164252394,1492390,1368179,1.0907856355052956,True,True,2,width-1,1,1,8,48
FrontierStore,1500,9000,12.885045,4.957,16384,4073,4.022587773140192,1492390,1368179,1.0907856355052956,True,True,2,width-1,2,1,8,48
FrontierStore,1500,9000,14.140391,5.077,16384,4080,4.015686274509804,1492397,1368179,1.090790751794904,True,True,2,width-1,3,1,8,48
FrontierStore,1500,9000,13.018767,5.178,16384,4087,4.008808416931735,1492404,1368179,1.0907958680845122,True,True,2,width-1,4,1,8,48
FrontierStore,1500,9000,14.00173,5.047,16384,4080,4.015686274509804,1492397,1368179,1.090790751794904,True,True,2,width-1,5,1,8,48
FrontierStore,1500,9000,12.896431,5.068,16384,4094,4.001954079140205,1492411,1368179,1.0908009843741207,True,True,2,width-1,6,1,8,48
FrontierStore,1500,9000,12.110593,4.757,16384,4073,4.022587773140192,1492390,1368179,1.0907856355052956,True,True,2,width-1,7,1,8,48
FrontierStore,1500,9000,12.947868,4.997,16384,4059,4.036462182803646,1492376,1368179,1.0907754029260792,True,True,2,width-1,8,1,8,48
FrontierStore,1500,9000,11.794736,5.178,16384,4080,4.015686274509804,1492397,1368179,1.090790751794904,True,True,2,width-1,9,1,8,48
FrontierStore,1500,9000,11.848468,5.008,16384,4087,4.008808416931735,1492404,1368179,1.0907958680845122,True,True,2,width-1,10,1,8,48
FrontierStore,1500,9000,13.390387,4.937,16384,4080,4.015686274509804,1492397,1368179,1.090790751794904,True,True,2,width-1,11,1,8,48
SQLite-Normalized,1500,9000,2.108505,6.179,249856,4073,61.34446354038792,1660352,1368179,1.213548811961008,True,True,,width-1,0,1,8,48
SQLite-Normalized,1500,9000,1.752497,5.949,249856,4073,61.34446354038792,1660352,1368179,1.213548811961008,True,True,,width-1,1,1,8,48
SQLite-Normalized,1500,9000,1.943996,6.25,212992,4073,52.29364105082249,1623272,1368179,1.1864470950073054,True,True,,width-1,2,1,8,48
SQLite-Normalized,1500,9000,1.667929,6.17,241664,4080,59.23137254901961,1652112,1368179,1.2075262081935185,True,True,,width-1,3,1,8,48
SQLite-Normalized,1500,9000,1.782653,6.069,196608,4087,48.10570100318082,1606792,1368179,1.1744018874723263,True,True,,width-1,4,1,8,48
SQLite-Normalized,1500,9000,1.650954,5.799,204800,4080,50.19607843137255,1615032,1368179,1.1804244912398159,True,True,,width-1,5,1,8,48
SQLite-Normalized,1500,9000,1.691125,6.019,208896,4094,51.024914509037615,1619152,1368179,1.1834357931235606,True,True,,width-1,6,1,8,48
SQLite-Normalized,1500,9000,1.475248,6.2,188416,4073,46.259759391112205,1598552,1368179,1.1683792837048368,True,True,,width-1,7,1,8,48
SQLite-Normalized,1500,9000,1.60861,5.809,225280,4059,55.50135501355014,1635632,1368179,1.1954810006585395,True,True,,width-1,8,1,8,48
SQLite-Normalized,1500,9000,1.770634,6.139,245760,4080,60.23529411764706,1656232,1368179,1.2105375100772633,True,True,,width-1,9,1,8,48
SQLite-Normalized,1500,9000,1.764896,6.069,204800,4087,50.11010521164668,1615032,1368179,1.1804244912398159,True,True,,width-1,10,1,8,48
SQLite-Normalized,1500,9000,1.50927,6.38,229376,4080,56.219607843137254,1639752,1368179,1.1984923025422842,True,True,,width-1,11,1,8,48
FrontierStore,1500,9000,19.190648,6.089,57344,8754,6.550605437514279,1964459,1809515,1.0856273642384837,True,True,2,width-2,0,2,8,96
FrontierStore,1500,9000,17.740878,6.459,49152,8741,5.623155245395264,1964446,1809515,1.0856201799929814,True,True,2,width-2,1,2,8,96
FrontierStore,1500,9000,19.13854,6.33,49152,8780,5.598177676537586,1961221,1809515,1.0838379344741547,True,True,2,width-2,2,2,8,96
FrontierStore,1500,9000,18.122986,6.13,49152,8741,5.623155245395264,1965466,1809515,1.0861838669477732,True,True,2,width-2,3,2,8,96
FrontierStore,1500,9000,17.975473,6.45,53248,8641,6.162249739613471,1964834,1809508,1.0858388025916437,True,True,2,width-2,4,2,8,95
FrontierStore,1500,9000,20.687952,6.539,49152,8741,5.623155245395264,1965466,1809515,1.0861838669477732,True,True,2,width-2,5,2,8,96
FrontierStore,1500,9000,16.797596,6.459,53248,8680,6.134562211981567,1964873,1809508,1.0858603554115263,True,True,2,width-2,6,2,8,95
FrontierStore,1500,9000,19.477247,6.259,45056,8667,5.1985692857967,1963228,1809508,1.0849512685216092,True,True,2,width-2,7,2,8,95
FrontierStore,1500,9000,17.178743,6.6,53248,8728,6.100824931255729,1964433,1809515,1.0856129957474794,True,True,2,width-2,8,2,8,96
FrontierStore,1500,9000,18.981354,6.3,45056,8728,5.162236480293309,1963617,1809515,1.085162046183646,True,True,2,width-2,9,2,8,96
FrontierStore,1500,9000,18.628773,6.72,53248,8728,6.100824931255729,1965453,1809515,1.086176682702271,True,True,2,width-2,10,2,8,96
FrontierStore,1500,9000,17.701522,6.33,49152,8728,5.6315307057745185,1965453,1809515,1.086176682702271,True,True,2,width-2,11,2,8,96
SQLite-Normalized,1500,9000,2.976756,5.959,364544,8754,41.64313456705506,2541664,1809515,1.4046106277096349,True,True,,width-2,0,2,8,96
SQLite-Normalized,1500,9000,2.407646,5.939,364544,8741,41.705068070014875,2541664,1809515,1.4046106277096349,True,True,,width-2,1,2,8,96
SQLite-Normalized,1500,9000,2.451973,6.019,311296,8780,35.45512528473804,2488104,1809515,1.3750115362403739,True,True,,width-2,2,2,8,96
SQLite-Normalized,1500,9000,2.464691,6.149,364544,8741,41.705068070014875,2541664,1809515,1.4046106277096349,True,True,,width-2,3,2,8,96
SQLite-Normalized,1500,9000,2.713779,6.42,348160,8641,40.29163291285731,2525184,1809508,1.3955086133910433,True,True,,width-2,4,2,8,95
SQLite-Normalized,1500,9000,14.725787,5.889,376832,8741,43.11085688136369,2554024,1809515,1.4114411872794643,True,True,,width-2,5,2,8,96
SQLite-Normalized,1500,9000,2.359192,6.34,331776,8680,38.22304147465438,2508704,1809508,1.3864011653996555,True,True,,width-2,6,2,8,95
SQLite-Normalized,1500,9000,4.400601,6.349,307200,8667,35.444790584977504,2483984,1809508,1.3727399934125741,True,True,,width-2,7,2,8,95
SQLite-Normalized,1500,9000,2.389038,6.33,348160,8728,39.89000916590284,2525184,1809515,1.3955032149498623,True,True,,width-2,8,2,8,96
SQLite-Normalized,1500,9000,2.922473,6.339,372736,8728,42.7057745187901,2549904,1809515,1.4091643340895212,True,True,,width-2,9,2,8,96
SQLite-Normalized,1500,9000,3.136707,6.18,372736,8728,42.7057745187901,2549904,1809515,1.4091643340895212,True,True,,width-2,10,2,8,96
SQLite-Normalized,1500,9000,2.802653,6.109,393216,8728,45.05224564619615,2570504,1809515,1.420548600039237,True,True,,width-2,11,2,8,96
FrontierStore,1500,9000,40.08865,9.244,167936,20932,8.022931396904262,2966889,2692187,1.1020367455901094,True,True,2,width-4,0,4,8,192
FrontierStore,1500,9000,31.773203,9.004,163840,20957,7.817912869208379,2962594,2692187,1.100441388358238,True,True,2,width-4,1,4,8,192
FrontierStore,1500,9000,29.666152,9.314,139264,20586,6.764985912756242,2936495,2692166,1.0907555477633994,True,True,2,width-4,2,4,8,189
FrontierStore,1500,9000,29.534124,9.174,167936,21007,7.99428761841291,2966964,2692187,1.1020646039818185,True,True,2,width-4,3,4,8,192
FrontierStore,1500,9000,31.239061,8.994,163840,20871,7.850126970437449,2962508,2692187,1.1004094440690784,True,True,2,width-4,4,4,8,192
FrontierStore,1500,9000,28.142117,9.124,147456,20820,7.082420749279539,2945545,2692173,1.0941143084044005,True,True,2,width-4,5,4,8,190
FrontierStore,1500,9000,29.853624,8.793,163840,20972,7.812321190158307,2960809,2692187,1.0997783586355627,True,True,2,width-4,6,4,8,192
FrontierStore,1500,9000,32.273058,9.123,167936,20899,8.03559978946361,2966856,2692187,1.1020244878977574,True,True,2,width-4,7,4,8,192
FrontierStore,1500,9000,28.633935,9.133,167936,21007,7.99428761841291,2966964,2692187,1.1020646039818185,True,True,2,width-4,8,4,8,192
FrontierStore,1500,9000,31.990161,9.174,159744,20932,7.6315688897382,2959329,2692187,1.0992286197058376,True,True,2,width-4,9,4,8,192
FrontierStore,1500,9000,31.281582,9.535,163840,20982,7.808597845772567,2963699,2692187,1.100851835329418,True,True,2,width-4,10,4,8,192
FrontierStore,1500,9000,31.462786,8.843,159744,20892,7.646180356117174,2959833,2692180,1.0994186867148557,True,True,2,width-4,11,4,8,191
SQLite-Normalized,1500,9000,5.97318,6.389,843776,20932,40.310338238104336,4592448,2692187,1.705842870498966,True,True,,width-4,0,4,8,192
SQLite-Normalized,1500,9000,8.872358,6.399,839680,20957,40.066803454692945,4588328,2692187,1.7043125161810826,True,True,,width-4,1,4,8,192
SQLite-Normalized,1500,9000,5.721953,6.16,610304,20586,29.64655591178471,4361728,2692166,1.6201556664782186,True,True,,width-4,2,4,8,189
SQLite-Normalized,1500,9000,5.622103,6.279,847872,21007,40.36140334174323,4596568,2692187,1.7073732248168496,True,True,,width-4,3,4,8,192
SQLite-Normalized,1500,9000,5.707381,6.27,819200,20871,39.25063485218725,4567728,2692187,1.6966607445916646,True,True,,width-4,4,4,8,192
SQLite-Normalized,1500,9000,5.163165,6.44,655360,20820,31.477425552353505,4407048,2692173,1.6369854389001004,True,True,,width-4,5,4,8,190
SQLite-Normalized,1500,9000,5.837406,6.219,798720,20972,38.085065802021745,4547128,2692187,1.6890089730022468,True,True,,width-4,6,4,8,192
SQLite-Normalized,1500,9000,5.970178,6.189,864256,20899,41.353940379922484,4613048,2692187,1.7134946420883839,True,True,,width-4,7,4,8,192
SQLite-Normalized,1500,9000,5.721693,6.329,827392,21007,39.38649021754653,4575968,2692187,1.6997214532274318,True,True,,width-4,8,4,8,192
SQLite-Normalized,1500,9000,5.983438,6.57,806912,20932,38.54920695585706,4555368,2692187,1.692069681638014,True,True,,width-4,9,4,8,192
SQLite-Normalized,1500,9000,5.853833,6.63,839680,20982,40.01906395958441,4588328,2692187,1.7043125161810826,True,True,,width-4,10,4,8,192
SQLite-Normalized,1500,9000,5.480129,6.049,798720,20892,38.23090178058587,4547128,2692180,1.6890133646338654,True,True,,width-4,11,4,8,191
FrontierStore,1500,9000,52.029827,14.452,536576,56953,9.421382543500782,5098303,4457531,1.1437504304512969,True,True,2,width-8,0,8,8,384
FrontierStore,1500,9000,51.929004,14.121,512000,56811,9.012339159669782,5075705,4457524,1.138682595988266,True,True,2,width-8,1,8,8,383
FrontierStore,1500,9000,62.015827,14.722,606208,56881,10.657477892442117,5170135,4457531,1.1598651809712597,True,True,2,width-8,2,8,8,384
FrontierStore,1500,9000,56.939327,14.482,548864,53352,10.28759934023092,5112566,4457356,1.1469952142032183,True,True,2,width-8,3,8,8,359
FrontierStore,1500,9000,54.849275,14.983,495616,52060,9.520092201306186,5060258,4457307,1.1352724862792714,True,True,2,width-8,4,8,8,352
FrontierStore,1500,9000,51.82433,14.261,466944,56223,8.30521316898778,5021189,4457503,1.1264577948685621,True,True,2,width-8,5,8,8,380
FrontierStore,1500,9000,55.357899,14.382,536576,56663,9.469600974180683,5101485,4457517,1.1444678730333502,True,True,2,width-8,6,8,8,382
FrontierStore,1500,9000,54.220003,14.552,618496,56860,10.8775237425255,5182882,4457531,1.1627248357891398,True,True,2,width-8,7,8,8,384
FrontierStore,1500,9000,53.725603,14.792,602112,56944,10.573756673222816,5166166,4457531,1.1589747777413102,True,True,2,width-8,8,8,8,384
FrontierStore,1500,9000,52.531543,14.142,487424,51959,9.380934967955504,5050469,4457300,1.1330780966055685,True,True,2,width-8,9,8,8,351
FrontierStore,1500,9000,52.590312,14.422,540672,56663,9.54188800451794,5105517,4457517,1.1453724124888363,True,True,2,width-8,10,8,8,382
FrontierStore,1500,9000,70.360105,14.381,528384,52940,9.980808462410275,5089418,4457342,1.1418055872760045,True,True,2,width-8,11,8,8,357
SQLite-Normalized,1500,9000,18.853542,6.51,2301952,56953,40.41845030112549,9147504,4457531,2.0521459076784883,True,True,,width-8,0,8,8,384
SQLite-Normalized,1500,9000,18.294619,6.489,2056192,56811,36.19355406523385,8904424,4457524,1.9976166140664637,True,True,,width-8,1,8,8,383
SQLite-Normalized,1500,9000,20.191588,6.78,2531328,56881,44.50217119952181,9378224,4457531,2.103905502844512,True,True,,width-8,2,8,8,384
SQLite-Normalized,1500,9000,18.803326,6.84,2244608,53352,42.07167491378018,9089824,4457356,2.039286070037933,True,True,,width-8,3,8,8,359
SQLite-Normalized,1500,9000,18.10654,6.65,2011136,52060,38.6311179408375,8859104,4457307,1.9875462919650813,True,True,,width-8,4,8,8,352
SQLite-Normalized,1500,9000,17.60635,6.891,1818624,56223,32.34661971079451,8665464,4457503,1.9440175362753542,True,True,,width-8,5,8,8,380
SQLite-Normalized,1500,9000,17.814472,6.239,2166784,56663,38.23983904840902,9011544,4457517,2.021651067174842,True,True,,width-8,6,8,8,382
SQLite-Normalized,1500,9000,22.671081,6.67,2539520,56860,44.66268026732325,9386464,4457531,2.105754059814727,True,True,,width-8,7,8,8,384
SQLite-Normalized,1500,9000,21.43014,6.54,2535424,56944,44.524866535543694,9382344,4457531,2.1048297813296193,True,True,,width-8,8,8,8,384
SQLite-Normalized,1500,9000,17.725646,6.519,1921024,51959,36.97192016782463,8768464,4457300,1.9672142328315347,True,True,,width-8,9,8,8,351
SQLite-Normalized,1500,9000,17.464393,6.68,2158592,56663,38.0952649877345,9003304,4457517,2.0198025043987493,True,True,,width-8,10,8,8,382
SQLite-Normalized,1500,9000,17.224651,6.199,2109440,52940,39.84586324140536,8953864,4457342,2.008789991883055,True,True,,width-8,11,8,8,357
