scale,engine,observations,combined_median_ms,combined_q1_ms,combined_q3_ms,combined_min_ms,combined_max_ms,bootstrap_median_low_ms,bootstrap_median_high_ms,first_half_median_ms,second_half_median_ms,persistence_median_ms,audit_median_ms,write_median_bytes,stored_final_median_bytes
small,FrontierStore,48,219.7698475,162.8761945,258.92374275,100.33153100000001,362.59171000000003,194.977099,247.970024,162.716342,259.492952,19.348549,195.386031,49152.0,1288184.0
small,SQLite-Normalized,48,28.2193135,26.69573625,32.816432,24.349833,91.89381900000001,27.150129,29.695246,28.244958,28.2193135,5.2294225,22.649105,335872.0,5264256.0
small,SQLite-Rooted-Audit,48,128.0102265,97.3792275,150.79341425,89.253894,191.87136700000002,99.782273,147.141771,120.58749499999999,131.9065825,25.6583635,77.0733645,1363968.0,23076562.0
medium,FrontierStore,24,979.0637690000001,772.09319425,1066.018646,651.4362699999999,1420.637749,788.778908,1051.712146,769.1212835,1046.636236,110.13158,869.2565995,49152.0,3072188.5
medium,SQLite-Normalized,24,198.109898,165.3176175,210.0796505,109.601343,230.25959699999999,185.14263,207.900646,196.38070649999997,200.921135,20.956384,172.35870799999998,397312.0,7262408.0
medium,SQLite-Rooted-Audit,24,722.7833085,685.84220375,760.9853077500001,604.621712,1031.908498,691.7096475000001,758.362433,722.037735,727.6845059999999,165.0911635,566.4582605,5306368.0,68829742.0
large,FrontierStore,16,2884.6880135,2586.5353667500003,3075.03127425,2243.409809,3398.877957,2601.7687100000003,3068.069646,2536.6648995,3081.9929025,409.709652,2428.4138734999997,49152.0,8054685.5
large,SQLite-Normalized,16,737.820705,663.66470425,836.6981107500001,645.321881,1878.606984,664.622622,831.782077,669.2853795000001,806.996756,79.3120445,625.3440725,391168.0,11874348.0
large,SQLite-Rooted-Audit,16,2548.2245009999997,2496.345933,2635.22494025,2384.526095,3622.02635,2497.996741,2634.529724,2608.4875645,2507.3906015000002,612.920312,1973.8938465,15953920.0,143483441.5
