mode,source_count,fact_count,repetition,update,batch,dependency_width,engine,update_ms,audit_ms,write_bytes,stored_bytes,selected_segments,durable_equal,audit_kind
medium,2000,12000,0,1,8,2,FrontierStore,141.701571,509.734699,49152,2609203,2,True,independent-segment-parser-plus-fresh-open
medium,2000,12000,0,2,8,2,FrontierStore,188.413365,567.92063,49152,2651828,3,True,independent-segment-parser-plus-fresh-open
medium,2000,12000,0,3,8,2,FrontierStore,92.180241,682.884864,49152,2694423,4,True,independent-segment-parser-plus-fresh-open
medium,2000,12000,0,4,8,2,FrontierStore,100.86595,662.311512,49152,2737060,5,True,independent-segment-parser-plus-fresh-open
medium,2000,12000,0,5,8,2,FrontierStore,108.743726,989.578543,45056,2777421,6,True,independent-segment-parser-plus-fresh-open
medium,2000,12000,0,6,8,2,FrontierStore,270.280731,1150.357018,57344,2820060,7,True,independent-segment-parser-plus-fresh-open
medium,2000,12000,0,7,8,2,FrontierStore,332.78993,890.079616,57344,2861387,8,True,independent-segment-parser-plus-fresh-open
medium,2000,12000,0,8,8,2,FrontierStore,111.519434,940.192712,53248,2901942,9,True,independent-segment-parser-plus-fresh-open
medium,2000,12000,0,9,8,2,FrontierStore,102.531521,990.322982,57344,2943897,10,True,independent-segment-parser-plus-fresh-open
medium,2000,12000,0,10,8,2,FrontierStore,96.682602,990.963203,57344,2985662,11,True,independent-segment-parser-plus-fresh-open
medium,2000,12000,0,11,8,2,FrontierStore,116.85374,921.942031,53248,3026374,12,True,independent-segment-parser-plus-fresh-open
medium,2000,12000,0,12,8,2,FrontierStore,98.311556,943.24877,57344,3067978,13,True,independent-segment-parser-plus-fresh-open
medium,2000,12000,0,1,8,2,SQLite-Normalized,20.656028,192.577128,405504,3303760,,True,sqlite-one-read-transaction
medium,2000,12000,0,2,8,2,SQLite-Normalized,22.205273,201.206012,401408,3703400,,True,sqlite-one-read-transaction
medium,2000,12000,0,3,8,2,SQLite-Normalized,19.202535,100.795675,397312,4103040,,True,sqlite-one-read-transaction
medium,2000,12000,0,4,8,2,SQLite-Normalized,85.472253,99.670377,401408,4502680,,True,sqlite-one-read-transaction
medium,2000,12000,0,5,8,2,SQLite-Normalized,20.802106,157.065312,348160,4852880,,True,sqlite-one-read-transaction
medium,2000,12000,0,6,8,2,SQLite-Normalized,19.734356,171.578745,417792,5269000,,True,sqlite-one-read-transaction
medium,2000,12000,0,7,8,2,SQLite-Normalized,20.974346,195.843477,339968,5610960,,True,sqlite-one-read-transaction
medium,2000,12000,0,8,8,2,SQLite-Normalized,20.938422,185.424947,368640,5977640,,True,sqlite-one-read-transaction
medium,2000,12000,0,9,8,2,SQLite-Normalized,22.023409,193.930908,397312,6377280,,True,sqlite-one-read-transaction
medium,2000,12000,0,10,8,2,SQLite-Normalized,21.272724,106.116868,360448,6735720,,True,sqlite-one-read-transaction
medium,2000,12000,0,11,8,2,SQLite-Normalized,22.642538,101.577528,458752,7196464,,True,sqlite-one-read-transaction
medium,2000,12000,0,12,8,2,SQLite-Normalized,99.684288,108.216358,0,7196464,,True,sqlite-one-read-transaction
medium,2000,12000,0,1,8,2,SQLite-Rooted-Audit,136.816063,568.196776,5292032,10564021,,True,root-selected-sqlite-and-independent-full-export
medium,2000,12000,0,2,8,2,SQLite-Rooted-Audit,139.604908,553.1108,5287936,15847380,,True,root-selected-sqlite-and-independent-full-export
medium,2000,12000,0,3,8,2,SQLite-Rooted-Audit,202.208831,442.117513,5296128,21135771,,True,root-selected-sqlite-and-independent-full-export
medium,2000,12000,0,4,8,2,SQLite-Rooted-Audit,222.629627,537.028321,5296128,26425098,,True,root-selected-sqlite-and-independent-full-export
medium,2000,12000,0,5,8,2,SQLite-Rooted-Audit,145.396529,593.810454,5296128,31715361,,True,root-selected-sqlite-and-independent-full-export
medium,2000,12000,0,6,8,2,SQLite-Rooted-Audit,140.395397,598.667234,5304320,37010656,,True,root-selected-sqlite-and-independent-full-export
medium,2000,12000,0,7,8,2,SQLite-Rooted-Audit,250.006163,508.35627,5308416,42310983,,True,root-selected-sqlite-and-independent-full-export
medium,2000,12000,0,8,8,2,SQLite-Rooted-Audit,215.723299,610.363765,5308416,47612246,,True,root-selected-sqlite-and-independent-full-export
medium,2000,12000,0,9,8,2,SQLite-Rooted-Audit,147.647814,516.948579,5308416,52914551,,True,root-selected-sqlite-and-independent-full-export
medium,2000,12000,0,10,8,2,SQLite-Rooted-Audit,139.143769,546.755777,5308416,58217895,,True,root-selected-sqlite-and-independent-full-export
medium,2000,12000,0,11,8,2,SQLite-Rooted-Audit,201.595406,458.675905,5312512,63522270,,True,root-selected-sqlite-and-independent-full-export
medium,2000,12000,0,12,8,2,SQLite-Rooted-Audit,217.671131,585.588319,5320704,68831781,,True,root-selected-sqlite-and-independent-full-export
medium,2000,12000,1,1,8,2,FrontierStore,182.041103,572.907112,49152,2607992,2,True,independent-segment-parser-plus-fresh-open
medium,2000,12000,1,2,8,2,FrontierStore,172.966,615.812908,49152,2650587,3,True,independent-segment-parser-plus-fresh-open
medium,2000,12000,1,3,8,2,FrontierStore,129.103322,818.018475,49152,2693186,4,True,independent-segment-parser-plus-fresh-open
medium,2000,12000,1,4,8,2,FrontierStore,114.645856,606.271647,49152,2735846,5,True,independent-segment-parser-plus-fresh-open
medium,2000,12000,1,5,8,2,FrontierStore,85.367856,632.416953,49152,2778469,6,True,independent-segment-parser-plus-fresh-open
medium,2000,12000,1,6,8,2,FrontierStore,171.742642,743.273796,49152,2821125,7,True,independent-segment-parser-plus-fresh-open
medium,2000,12000,1,7,8,2,FrontierStore,160.229608,783.329729,49152,2863755,8,True,independent-segment-parser-plus-fresh-open
medium,2000,12000,1,8,8,2,FrontierStore,102.283819,848.433583,49152,2906120,9,True,independent-segment-parser-plus-fresh-open
medium,2000,12000,1,9,8,2,FrontierStore,96.808895,927.646713,53248,2948851,10,True,independent-segment-parser-plus-fresh-open
medium,2000,12000,1,10,8,2,FrontierStore,88.038434,1017.803573,49152,2991643,11,True,independent-segment-parser-plus-fresh-open
medium,2000,12000,1,11,8,2,FrontierStore,94.453024,912.957112,49152,3034403,12,True,independent-segment-parser-plus-fresh-open
medium,2000,12000,1,12,8,2,FrontierStore,96.685636,962.123957,49152,3076399,13,True,independent-segment-parser-plus-fresh-open
medium,2000,12000,1,1,8,2,SQLite-Normalized,24.993121,175.747774,368640,3266680,,True,sqlite-one-read-transaction
medium,2000,12000,1,2,8,2,SQLite-Normalized,18.605541,183.165014,389120,3653960,,True,sqlite-one-read-transaction
medium,2000,12000,1,3,8,2,SQLite-Normalized,18.62401,90.977333,389120,4045360,,True,sqlite-one-read-transaction
medium,2000,12000,1,4,8,2,SQLite-Normalized,73.378742,128.071066,409600,4453240,,True,sqlite-one-read-transaction
medium,2000,12000,1,5,8,2,SQLite-Normalized,18.881847,173.138671,405504,4861120,,True,sqlite-one-read-transaction
medium,2000,12000,1,6,8,2,SQLite-Normalized,19.137051,207.024002,413696,5273120,,True,sqlite-one-read-transaction
medium,2000,12000,1,7,8,2,SQLite-Normalized,25.460534,204.799063,397312,5672760,,True,sqlite-one-read-transaction
medium,2000,12000,1,8,8,2,SQLite-Normalized,20.230182,175.248719,397312,6068280,,True,sqlite-one-read-transaction
medium,2000,12000,1,9,8,2,SQLite-Normalized,19.611783,189.416699,368640,6434960,,True,sqlite-one-read-transaction
medium,2000,12000,1,10,8,2,SQLite-Normalized,19.566805,108.026239,385024,6822240,,True,sqlite-one-read-transaction
medium,2000,12000,1,11,8,2,SQLite-Normalized,25.118109,102.550107,507904,7328352,,True,sqlite-one-read-transaction
medium,2000,12000,1,12,8,2,SQLite-Normalized,85.967006,101.76241,0,7328352,,True,sqlite-one-read-transaction
medium,2000,12000,1,1,8,2,SQLite-Rooted-Audit,129.72167,635.245717,5287936,10564021,,True,root-selected-sqlite-and-independent-full-export
medium,2000,12000,1,2,8,2,SQLite-Rooted-Audit,125.518901,572.000848,5287936,15847380,,True,root-selected-sqlite-and-independent-full-export
medium,2000,12000,1,3,8,2,SQLite-Rooted-Audit,232.057766,463.53509,5300224,21135771,,True,root-selected-sqlite-and-independent-full-export
medium,2000,12000,1,4,8,2,SQLite-Rooted-Audit,204.500599,622.991834,5296128,26425098,,True,root-selected-sqlite-and-independent-full-export
medium,2000,12000,1,5,8,2,SQLite-Rooted-Audit,157.301275,583.409375,5296128,31715361,,True,root-selected-sqlite-and-independent-full-export
medium,2000,12000,1,6,8,2,SQLite-Rooted-Audit,120.950432,564.719745,5296128,37006560,,True,root-selected-sqlite-and-independent-full-export
medium,2000,12000,1,7,8,2,SQLite-Rooted-Audit,182.219486,422.402226,5308416,42306887,,True,root-selected-sqlite-and-independent-full-export
medium,2000,12000,1,8,8,2,SQLite-Rooted-Audit,172.881052,488.283808,5308416,47608150,,True,root-selected-sqlite-and-independent-full-export
medium,2000,12000,1,9,8,2,SQLite-Rooted-Audit,122.23656,584.267426,5312512,52910455,,True,root-selected-sqlite-and-independent-full-export
medium,2000,12000,1,10,8,2,SQLite-Rooted-Audit,136.34383,658.155551,5308416,58213799,,True,root-selected-sqlite-and-independent-full-export
medium,2000,12000,1,11,8,2,SQLite-Rooted-Audit,208.712329,540.152697,5312512,63518183,,True,root-selected-sqlite-and-independent-full-export
medium,2000,12000,1,12,8,2,SQLite-Rooted-Audit,252.920153,778.988345,5316608,68827703,,True,root-selected-sqlite-and-independent-full-export
